split_id,split_index,experiment_id,user_id,cut_window,raw_sample_index,M,alpha,delta,corrected_threshold,true_state,true_state_name,future_observation,n_observations,exact_prediction_set,raw_mc_prediction_set,corrected_mc_prediction_set,exact_set_match,jaccard,symmetric_difference,exact_covered,raw_mc_covered,corrected_mc_covered,exact_scaled_set_size,raw_mc_scaled_set_size,corrected_mc_scaled_set_size,exact_runtime_seconds,mc_runtime_seconds,runtime_ratio_exact_over_mc,exact_score_evaluations,exact_max_candidate_permutations,mc_score_evaluations,workload_ratio_exact_over_mc
exp35_user17_cut168,0,35,17,168,8850,25,0.2,0.05,-0.0716203031481239,0,stationary,3,4,"((0,),)","((0,),)","((0,), (1,))",True,1.0,0,True,True,True,0.5,0.5,1.0,0.06894319993443787,0.005017100018449128,13.741643515360773,734,552,50,14.68
exp35_user17_cut168,0,35,17,168,8850,50,0.2,0.05,0.007935441736015847,0,stationary,3,4,"((0,),)","((0,), (1,))","((0,), (1,))",False,0.5,1,True,True,True,0.5,1.0,1.0,0.06894319993443787,0.00968680006917566,7.117231639147982,734,552,100,7.34
exp35_user17_cut168,0,35,17,168,8850,100,0.2,0.05,0.06418984842593806,0,stationary,3,4,"((0,),)","((0,),)","((0,), (1,))",True,1.0,0,True,True,True,0.5,0.5,1.0,0.06894319993443787,0.019551999983377755,3.526145662492345,734,552,200,3.67
exp35_user17_cut168,0,35,17,168,8850,250,0.2,0.05,0.1141061183306525,0,stationary,3,4,"((0,),)","((0,),)","((0,), (1,))",True,1.0,0,True,True,True,0.5,0.5,1.0,0.06894319993443787,0.047845999943092465,1.4409396818216402,734,552,500,1.468
exp35_user17_cut168,0,35,17,168,8850,500,0.2,0.05,0.1392638538091695,0,stationary,3,4,"((0,),)","((0,),)","((0,), (1,))",True,1.0,0,True,True,True,0.5,0.5,1.0,0.06894319993443787,0.09487989998888224,0.7266365156636594,734,552,1000,0.734
exp35_user17_cut168,0,35,17,168,8850,1000,0.2,0.05,0.15705305916532625,0,stationary,3,4,"((0,),)","((0,),)","((0,), (1,))",True,1.0,0,True,True,True,0.5,0.5,1.0,0.06894319993443787,0.19014530000276864,0.36258166745869613,734,552,2000,0.367
exp59_user29_cut150,1,59,29,150,8100,25,0.2,0.05,-0.0716203031481239,0,stationary,3,4,"((0,), (1,))","((0,),)","((0,), (1,))",False,0.5,1,True,True,True,1.0,0.5,1.0,0.06582140002865344,0.005118699977174401,12.859007232728619,692,420,50,13.84
exp59_user29_cut150,1,59,29,150,8100,50,0.2,0.05,0.007935441736015847,0,stationary,3,4,"((0,), (1,))","((0,), (1,))","((0,), (1,))",True,1.0,0,True,True,True,1.0,1.0,1.0,0.06582140002865344,0.009982199990190566,6.593877110590416,692,420,100,6.92
exp59_user29_cut150,1,59,29,150,8100,100,0.2,0.05,0.06418984842593806,0,stationary,3,4,"((0,), (1,))","((0,), (1,))","((0,), (1,))",True,1.0,0,True,True,True,1.0,1.0,1.0,0.06582140002865344,0.019055700046010315,3.454158066600888,692,420,200,3.46
exp59_user29_cut150,1,59,29,150,8100,250,0.2,0.05,0.1141061183306525,0,stationary,3,4,"((0,), (1,))","((0,), (1,))","((0,), (1,))",True,1.0,0,True,True,True,1.0,1.0,1.0,0.06582140002865344,0.04676549998112023,1.40747773583574,692,420,500,1.384
exp59_user29_cut150,1,59,29,150,8100,500,0.2,0.05,0.1392638538091695,0,stationary,3,4,"((0,), (1,))","((0,), (1,))","((0,), (1,))",True,1.0,0,True,True,True,1.0,1.0,1.0,0.06582140002865344,0.0972930999705568,0.6765269073405263,692,420,1000,0.692
exp59_user29_cut150,1,59,29,150,8100,1000,0.2,0.05,0.15705305916532625,0,stationary,3,4,"((0,), (1,))","((0,), (1,))","((0,), (1,))",True,1.0,0,True,True,True,1.0,1.0,1.0,0.06582140002865344,0.196949900011532,0.3342037747914541,692,420,2000,0.346
exp51_user25_cut174,2,51,25,174,8950,25,0.2,0.05,-0.0716203031481239,1,moving,3,4,"((1,),)","((1,),)","((0,), (1,))",True,1.0,0,True,True,True,0.5,0.5,1.0,0.06608370004687458,0.00623299996368587,10.602230135069043,702,462,50,14.04
exp51_user25_cut174,2,51,25,174,8950,50,0.2,0.05,0.007935441736015847,1,moving,3,4,"((1,),)","((1,),)","((0,), (1,))",True,1.0,0,True,True,True,0.5,0.5,1.0,0.06608370004687458,0.009709900012239814,6.8058064412169825,702,462,100,7.02
exp51_user25_cut174,2,51,25,174,8950,100,0.2,0.05,0.06418984842593806,1,moving,3,4,"((1,),)","((1,),)","((0,), (1,))",True,1.0,0,True,True,True,0.5,0.5,1.0,0.06608370004687458,0.01928040001075715,3.4275066912514465,702,462,200,3.51
exp51_user25_cut174,2,51,25,174,8950,250,0.2,0.05,0.1141061183306525,1,moving,3,4,"((1,),)","((1,),)","((1,),)",True,1.0,0,True,True,True,0.5,0.5,0.5,0.06608370004687458,0.04821860010270029,1.370502252369907,702,462,500,1.404
exp51_user25_cut174,2,51,25,174,8950,500,0.2,0.05,0.1392638538091695,1,moving,3,4,"((1,),)","((1,),)","((1,),)",True,1.0,0,True,True,True,0.5,0.5,0.5,0.06608370004687458,0.09961290005594492,0.6634050410113593,702,462,1000,0.702
exp51_user25_cut174,2,51,25,174,8950,1000,0.2,0.05,0.15705305916532625,1,moving,3,4,"((1,),)","((1,),)","((1,),)",True,1.0,0,True,True,True,0.5,0.5,0.5,0.06608370004687458,0.19602259993553162,0.33712286271383174,702,462,2000,0.351
exp39_user19_cut162,3,39,19,162,8650,25,0.2,0.05,-0.0716203031481239,0,stationary,3,4,(),(),"((0,), (1,))",True,1.0,0,False,False,True,0.0,0.0,1.0,0.06625549995806068,0.00599729991517961,11.047554882216764,686,380,50,13.72
exp39_user19_cut162,3,39,19,162,8650,50,0.2,0.05,0.007935441736015847,0,stationary,3,4,(),(),"((0,), (1,))",True,1.0,0,False,False,True,0.0,0.0,1.0,0.06625549995806068,0.009519699960947037,6.959830691078784,686,380,100,6.86
exp39_user19_cut162,3,39,19,162,8650,100,0.2,0.05,0.06418984842593806,0,stationary,3,4,(),(),"((0,), (1,))",True,1.0,0,False,False,True,0.0,0.0,1.0,0.06625549995806068,0.022099200054071844,2.998094944430032,686,380,200,3.43
exp39_user19_cut162,3,39,19,162,8650,250,0.2,0.05,0.1141061183306525,0,stationary,3,4,(),"((1,),)","((0,), (1,))",False,0.0,1,False,False,True,0.0,0.5,1.0,0.06625549995806068,0.04713449999690056,1.405668882929011,686,380,500,1.372
exp39_user19_cut162,3,39,19,162,8650,500,0.2,0.05,0.1392638538091695,0,stationary,3,4,(),"((1,),)","((0,), (1,))",False,0.0,1,False,False,True,0.0,0.5,1.0,0.06625549995806068,0.09622439998202026,0.6885519678006895,686,380,1000,0.686
exp39_user19_cut162,3,39,19,162,8650,1000,0.2,0.05,0.15705305916532625,0,stationary,3,4,(),"((1,),)","((0,), (1,))",False,0.0,1,False,False,True,0.0,0.5,1.0,0.06625549995806068,0.18982989992946386,0.3490256275891185,686,380,2000,0.343
exp44_user22_cut159,4,44,22,159,8550,25,0.2,0.05,-0.0716203031481239,1,moving,3,4,"((1,),)","((1,),)","((0,), (1,))",True,1.0,0,True,True,True,0.5,0.5,1.0,0.06632620003074408,0.005144599941559136,12.89239217513249,692,420,50,13.84
exp44_user22_cut159,4,44,22,159,8550,50,0.2,0.05,0.007935441736015847,1,moving,3,4,"((1,),)","((1,),)","((0,), (1,))",True,1.0,0,True,True,True,0.5,0.5,1.0,0.06632620003074408,0.009811299969442189,6.7601847091945535,692,420,100,6.92
exp44_user22_cut159,4,44,22,159,8550,100,0.2,0.05,0.06418984842593806,1,moving,3,4,"((1,),)","((1,),)","((1,),)",True,1.0,0,True,True,True,0.5,0.5,0.5,0.06632620003074408,0.020130199962295592,3.2948604661143377,692,420,200,3.46
exp44_user22_cut159,4,44,22,159,8550,250,0.2,0.05,0.1141061183306525,1,moving,3,4,"((1,),)","((1,),)","((1,),)",True,1.0,0,True,True,True,0.5,0.5,0.5,0.06632620003074408,0.04768409999087453,1.3909500240842787,692,420,500,1.384
exp44_user22_cut159,4,44,22,159,8550,500,0.2,0.05,0.1392638538091695,1,moving,3,4,"((1,),)","((1,),)","((1,),)",True,1.0,0,True,True,True,0.5,0.5,0.5,0.06632620003074408,0.10380559996701777,0.6389462615872163,692,420,1000,0.692
exp44_user22_cut159,4,44,22,159,8550,1000,0.2,0.05,0.15705305916532625,1,moving,3,4,"((1,),)","((1,),)","((1,),)",True,1.0,0,True,True,True,0.5,0.5,0.5,0.06632620003074408,0.19643310003448278,0.3376528702092512,692,420,2000,0.346
exp61_user30_cut159,5,61,30,159,8550,25,0.2,0.05,-0.0716203031481239,1,moving,3,4,"((0,),)","((0,), (1,))","((0,), (1,))",False,0.5,1,False,True,True,0.5,1.0,1.0,0.06661340000573546,0.00514280004426837,12.952749364614288,692,420,50,13.84
exp61_user30_cut159,5,61,30,159,8550,50,0.2,0.05,0.007935441736015847,1,moving,3,4,"((0,),)","((0,),)","((0,), (1,))",True,1.0,0,False,False,True,0.5,0.5,1.0,0.06661340000573546,0.00995179999154061,6.693603173532351,692,420,100,6.92
exp61_user30_cut159,5,61,30,159,8550,100,0.2,0.05,0.06418984842593806,1,moving,3,4,"((0,),)","((0,), (1,))","((0,), (1,))",False,0.5,1,False,True,True,0.5,1.0,1.0,0.06661340000573546,0.019204000011086464,3.468725263865838,692,420,200,3.46
exp61_user30_cut159,5,61,30,159,8550,250,0.2,0.05,0.1141061183306525,1,moving,3,4,"((0,),)","((0,), (1,))","((0,), (1,))",False,0.5,1,False,True,True,0.5,1.0,1.0,0.06661340000573546,0.04839969996828586,1.3763184492751859,692,420,500,1.384
exp61_user30_cut159,5,61,30,159,8550,500,0.2,0.05,0.1392638538091695,1,moving,3,4,"((0,),)","((0,), (1,))","((0,), (1,))",False,0.5,1,False,True,True,0.5,1.0,1.0,0.06661340000573546,0.09738359996117651,0.6840309870685816,692,420,1000,0.692
exp61_user30_cut159,5,61,30,159,8550,1000,0.2,0.05,0.15705305916532625,1,moving,3,4,"((0,),)","((0,), (1,))","((0,), (1,))",False,0.5,1,False,True,True,0.5,1.0,1.0,0.06661340000573546,0.19295559998136014,0.34522657032068743,692,420,2000,0.346
exp52_user26_cut180,6,52,26,180,9350,25,0.2,0.05,-0.0716203031481239,1,moving,3,4,"((0,), (1,))","((0,), (1,))","((0,), (1,))",True,1.0,0,True,True,True,1.0,1.0,1.0,0.06698589993175119,0.005228399997577071,12.811930985156756,686,380,50,13.72
exp52_user26_cut180,6,52,26,180,9350,50,0.2,0.05,0.007935441736015847,1,moving,3,4,"((0,), (1,))","((0,), (1,))","((0,), (1,))",True,1.0,0,True,True,True,1.0,1.0,1.0,0.06698589993175119,0.01024840003810823,6.536230014701518,686,380,100,6.86
exp52_user26_cut180,6,52,26,180,9350,100,0.2,0.05,0.06418984842593806,1,moving,3,4,"((0,), (1,))","((0,),)","((0,), (1,))",False,0.5,1,True,False,True,1.0,0.5,1.0,0.06698589993175119,0.018935899948701262,3.5375081254770513,686,380,200,3.43
exp52_user26_cut180,6,52,26,180,9350,250,0.2,0.05,0.1141061183306525,1,moving,3,4,"((0,), (1,))","((0,), (1,))","((0,), (1,))",True,1.0,0,True,True,True,1.0,1.0,1.0,0.06698589993175119,0.04797859990503639,1.3961620402499402,686,380,500,1.372
exp52_user26_cut180,6,52,26,180,9350,500,0.2,0.05,0.1392638538091695,1,moving,3,4,"((0,), (1,))","((0,), (1,))","((0,), (1,))",True,1.0,0,True,True,True,1.0,1.0,1.0,0.06698589993175119,0.09590850002132356,0.6984354871242701,686,380,1000,0.686
exp52_user26_cut180,6,52,26,180,9350,1000,0.2,0.05,0.15705305916532625,1,moving,3,4,"((0,), (1,))","((0,), (1,))","((0,), (1,))",True,1.0,0,True,True,True,1.0,1.0,1.0,0.06698589993175119,0.19352560001425445,0.34613456786501234,686,380,2000,0.343
exp43_user21_cut165,7,43,21,165,8550,25,0.2,0.05,-0.0716203031481239,1,moving,3,4,"((1,),)","((1,),)","((0,), (1,))",True,1.0,0,True,True,True,0.5,0.5,1.0,0.06641450000461191,0.00521680002566427,12.730888605636205,692,420,50,13.84
exp43_user21_cut165,7,43,21,165,8550,50,0.2,0.05,0.007935441736015847,1,moving,3,4,"((1,),)","((1,),)","((0,), (1,))",True,1.0,0,True,True,True,0.5,0.5,1.0,0.06641450000461191,0.010064100031740963,6.599149431657928,692,420,100,6.92
exp43_user21_cut165,7,43,21,165,8550,100,0.2,0.05,0.06418984842593806,1,moving,3,4,"((1,),)","((1,),)","((0,), (1,))",True,1.0,0,True,True,True,0.5,0.5,1.0,0.06641450000461191,0.01925649994518608,3.44893932924788,692,420,200,3.46
exp43_user21_cut165,7,43,21,165,8550,250,0.2,0.05,0.1141061183306525,1,moving,3,4,"((1,),)","((1,),)","((0,), (1,))",True,1.0,0,True,True,True,0.5,0.5,1.0,0.06641450000461191,0.049571000039577484,1.3397853573982081,692,420,500,1.384
exp43_user21_cut165,7,43,21,165,8550,500,0.2,0.05,0.1392638538091695,1,moving,3,4,"((1,),)","((1,),)","((1,),)",True,1.0,0,True,True,True,0.5,0.5,0.5,0.06641450000461191,0.09601259999908507,0.6917269192298177,692,420,1000,0.692
exp43_user21_cut165,7,43,21,165,8550,1000,0.2,0.05,0.15705305916532625,1,moving,3,4,"((1,),)","((1,),)","((1,),)",True,1.0,0,True,True,True,0.5,0.5,0.5,0.06641450000461191,0.19196540000848472,0.3459712010689241,692,420,2000,0.346
exp43_user21_cut198,8,43,21,198,10200,25,0.2,0.05,-0.0716203031481239,1,moving,3,4,"((1,),)","((1,),)","((0,), (1,))",True,1.0,0,True,True,True,0.5,0.5,1.0,0.065080999978818,0.005165399983525276,12.59941150470241,692,420,50,13.84
exp43_user21_cut198,8,43,21,198,10200,50,0.2,0.05,0.007935441736015847,1,moving,3,4,"((1,),)","((1,),)","((0,), (1,))",True,1.0,0,True,True,True,0.5,0.5,1.0,0.065080999978818,0.009844899992458522,6.610630887939128,692,420,100,6.92
exp43_user21_cut198,8,43,21,198,10200,100,0.2,0.05,0.06418984842593806,1,moving,3,4,"((1,),)","((1,),)","((0,), (1,))",True,1.0,0,True,True,True,0.5,0.5,1.0,0.065080999978818,0.01924619998317212,3.3814986873108177,692,420,200,3.46
exp43_user21_cut198,8,43,21,198,10200,250,0.2,0.05,0.1141061183306525,1,moving,3,4,"((1,),)","((1,),)","((0,), (1,))",True,1.0,0,True,True,True,0.5,0.5,1.0,0.065080999978818,0.04893319995608181,1.329996812741228,692,420,500,1.384
exp43_user21_cut198,8,43,21,198,10200,500,0.2,0.05,0.1392638538091695,1,moving,3,4,"((1,),)","((1,),)","((1,),)",True,1.0,0,True,True,True,0.5,0.5,0.5,0.065080999978818,0.09612050000578165,0.6770772101154632,692,420,1000,0.692
exp43_user21_cut198,8,43,21,198,10200,1000,0.2,0.05,0.15705305916532625,1,moving,3,4,"((1,),)","((1,),)","((1,),)",True,1.0,0,True,True,True,0.5,0.5,0.5,0.065080999978818,0.19639260007534176,0.33138213941793676,692,420,2000,0.346
exp48_user24_cut174,9,48,24,174,9200,25,0.2,0.05,-0.0716203031481239,1,moving,3,4,"((1,),)","((1,),)","((0,), (1,))",True,1.0,0,True,True,True,0.5,0.5,1.0,0.07675010000821203,0.00503010000102222,15.258165840165173,812,702,50,16.24
exp48_user24_cut174,9,48,24,174,9200,50,0.2,0.05,0.007935441736015847,1,moving,3,4,"((1,),)","((1,),)","((0,), (1,))",True,1.0,0,True,True,True,0.5,0.5,1.0,0.07675010000821203,0.009342800010927022,8.214892742908734,812,702,100,8.12
exp48_user24_cut174,9,48,24,174,9200,100,0.2,0.05,0.06418984842593806,1,moving,3,4,"((1,),)","((1,),)","((0,), (1,))",True,1.0,0,True,True,True,0.5,0.5,1.0,0.07675010000821203,0.01892149995546788,4.056237623277483,812,702,200,4.06
exp48_user24_cut174,9,48,24,174,9200,250,0.2,0.05,0.1141061183306525,1,moving,3,4,"((1,),)","((1,),)","((1,),)",True,1.0,0,True,True,True,0.5,0.5,0.5,0.07675010000821203,0.04809759999625385,1.595715794846101,812,702,500,1.624
exp48_user24_cut174,9,48,24,174,9200,500,0.2,0.05,0.1392638538091695,1,moving,3,4,"((1,),)","((1,),)","((1,),)",True,1.0,0,True,True,True,0.5,0.5,0.5,0.07675010000821203,0.09781499998643994,0.7846455044609913,812,702,1000,0.812
exp48_user24_cut174,9,48,24,174,9200,1000,0.2,0.05,0.15705305916532625,1,moving,3,4,"((1,),)","((1,),)","((1,),)",True,1.0,0,True,True,True,0.5,0.5,0.5,0.07675010000821203,0.19344730000011623,0.3967493989741181,812,702,2000,0.406
exp53_user26_cut171,10,53,26,171,9100,25,0.2,0.05,-0.0716203031481239,0,stationary,3,4,"((0,), (1,))","((0,),)","((0,), (1,))",False,0.5,1,True,True,True,1.0,0.5,1.0,0.06656519998796284,0.00512340001296252,12.992387832210788,702,462,50,14.04
exp53_user26_cut171,10,53,26,171,9100,50,0.2,0.05,0.007935441736015847,0,stationary,3,4,"((0,), (1,))","((0,),)","((0,), (1,))",False,0.5,1,True,True,True,1.0,0.5,1.0,0.06656519998796284,0.009636300033889711,6.90775502566971,702,462,100,7.02
exp53_user26_cut171,10,53,26,171,9100,100,0.2,0.05,0.06418984842593806,0,stationary,3,4,"((0,), (1,))","((0,),)","((0,), (1,))",False,0.5,1,True,True,True,1.0,0.5,1.0,0.06656519998796284,0.01948739995714277,3.4158071438136886,702,462,200,3.51
exp53_user26_cut171,10,53,26,171,9100,250,0.2,0.05,0.1141061183306525,0,stationary,3,4,"((0,), (1,))","((0,),)","((0,), (1,))",False,0.5,1,True,True,True,1.0,0.5,1.0,0.06656519998796284,0.04745569999795407,1.4026808158099582,702,462,500,1.404
exp53_user26_cut171,10,53,26,171,9100,500,0.2,0.05,0.1392638538091695,0,stationary,3,4,"((0,), (1,))","((0,),)","((0,), (1,))",False,0.5,1,True,True,True,1.0,0.5,1.0,0.06656519998796284,0.09351689997129142,0.7117986161688162,702,462,1000,0.702
exp53_user26_cut171,10,53,26,171,9100,1000,0.2,0.05,0.15705305916532625,0,stationary,3,4,"((0,), (1,))","((0,), (1,))","((0,), (1,))",True,1.0,0,True,True,True,1.0,1.0,1.0,0.06656519998796284,0.18886759993620217,0.35244372253604106,702,462,2000,0.351
exp38_user19_cut183,11,38,19,183,10600,25,0.2,0.05,-0.0716203031481239,0,stationary,3,4,"((0,), (1,))","((0,), (1,))","((0,), (1,))",True,1.0,0,True,True,True,1.0,1.0,1.0,0.06899010005872697,0.005115600069984794,13.486218452360768,716,506,50,14.32
exp38_user19_cut183,11,38,19,183,10600,50,0.2,0.05,0.007935441736015847,0,stationary,3,4,"((0,), (1,))","((0,), (1,))","((0,), (1,))",True,1.0,0,True,True,True,1.0,1.0,1.0,0.06899010005872697,0.009608700056560338,7.179961873367459,716,506,100,7.16
exp38_user19_cut183,11,38,19,183,10600,100,0.2,0.05,0.06418984842593806,0,stationary,3,4,"((0,), (1,))","((0,), (1,))","((0,), (1,))",True,1.0,0,True,True,True,1.0,1.0,1.0,0.06899010005872697,0.018793100025504827,3.671033515763652,716,506,200,3.58
exp38_user19_cut183,11,38,19,183,10600,250,0.2,0.05,0.1141061183306525,0,stationary,3,4,"((0,), (1,))","((0,), (1,))","((0,), (1,))",True,1.0,0,True,True,True,1.0,1.0,1.0,0.06899010005872697,0.04722349997609854,1.4609272945386358,716,506,500,1.432
exp38_user19_cut183,11,38,19,183,10600,500,0.2,0.05,0.1392638538091695,0,stationary,3,4,"((0,), (1,))","((0,), (1,))","((0,), (1,))",True,1.0,0,True,True,True,1.0,1.0,1.0,0.06899010005872697,0.09857499995268881,0.6998742083879163,716,506,1000,0.716
exp38_user19_cut183,11,38,19,183,10600,1000,0.2,0.05,0.15705305916532625,0,stationary,3,4,"((0,), (1,))","((0,), (1,))","((0,), (1,))",True,1.0,0,True,True,True,1.0,1.0,1.0,0.06899010005872697,0.1931775000412017,0.3571332067348033,716,506,2000,0.358
exp38_user19_cut153,12,38,19,153,9100,25,0.2,0.05,-0.0716203031481239,1,moving,3,4,"((1,),)","((1,),)","((0,), (1,))",True,1.0,0,True,True,True,0.5,0.5,1.0,0.06715729995630682,0.005016900016926229,13.38621454079784,692,420,50,13.84
exp38_user19_cut153,12,38,19,153,9100,50,0.2,0.05,0.007935441736015847,1,moving,3,4,"((1,),)","((1,),)","((0,), (1,))",True,1.0,0,True,True,True,0.5,0.5,1.0,0.06715729995630682,0.009837999939918518,6.826316361703803,692,420,100,6.92
exp38_user19_cut153,12,38,19,153,9100,100,0.2,0.05,0.06418984842593806,1,moving,3,4,"((1,),)","((1,),)","((0,), (1,))",True,1.0,0,True,True,True,0.5,0.5,1.0,0.06715729995630682,0.01968150003813207,3.412204345511897,692,420,200,3.46
exp38_user19_cut153,12,38,19,153,9100,250,0.2,0.05,0.1141061183306525,1,moving,3,4,"((1,),)","((1,),)","((1,),)",True,1.0,0,True,True,True,0.5,0.5,0.5,0.06715729995630682,0.04700969997793436,1.4285838877471975,692,420,500,1.384
exp38_user19_cut153,12,38,19,153,9100,500,0.2,0.05,0.1392638538091695,1,moving,3,4,"((1,),)","((1,),)","((1,),)",True,1.0,0,True,True,True,0.5,0.5,0.5,0.06715729995630682,0.09825879998970777,0.6834736427001071,692,420,1000,0.692
exp38_user19_cut153,12,38,19,153,9100,1000,0.2,0.05,0.15705305916532625,1,moving,3,4,"((1,),)","((1,),)","((1,),)",True,1.0,0,True,True,True,0.5,0.5,0.5,0.06715729995630682,0.19278099993243814,0.34836057484836525,692,420,2000,0.346
exp51_user25_cut171,13,51,25,171,8800,25,0.2,0.05,-0.0716203031481239,0,stationary,3,4,"((0,),)","((0,),)","((0,), (1,))",True,1.0,0,True,True,True,0.5,0.5,1.0,0.06995070003904402,0.0050768000073730946,13.778502193794088,686,380,50,13.72
exp51_user25_cut171,13,51,25,171,8800,50,0.2,0.05,0.007935441736015847,0,stationary,3,4,"((0,),)","((0,),)","((0,), (1,))",True,1.0,0,True,True,True,0.5,0.5,1.0,0.06995070003904402,0.009299800032749772,7.5217423807725625,686,380,100,6.86
exp51_user25_cut171,13,51,25,171,8800,100,0.2,0.05,0.06418984842593806,0,stationary,3,4,"((0,),)","((0,),)","((0,), (1,))",True,1.0,0,True,True,True,0.5,0.5,1.0,0.06995070003904402,0.018327999976463616,3.8166030188167315,686,380,200,3.43
exp51_user25_cut171,13,51,25,171,8800,250,0.2,0.05,0.1141061183306525,0,stationary,3,4,"((0,),)","((0,), (1,))","((0,), (1,))",False,0.5,1,True,True,True,0.5,1.0,1.0,0.06995070003904402,0.04988089995458722,1.4023544102598156,686,380,500,1.372
exp51_user25_cut171,13,51,25,171,8800,500,0.2,0.05,0.1392638538091695,0,stationary,3,4,"((0,),)","((0,), (1,))","((0,), (1,))",False,0.5,1,True,True,True,0.5,1.0,1.0,0.06995070003904402,0.10066770005505532,0.6948673705745525,686,380,1000,0.686
exp51_user25_cut171,13,51,25,171,8800,1000,0.2,0.05,0.15705305916532625,0,stationary,3,4,"((0,),)","((0,), (1,))","((0,), (1,))",False,0.5,1,True,True,True,0.5,1.0,1.0,0.06995070003904402,0.19052460009697825,0.3671478643883187,686,380,2000,0.343
exp54_user27_cut171,14,54,27,171,9050,25,0.2,0.05,-0.0716203031481239,1,moving,3,4,"((0,), (1,))","((0,),)","((0,), (1,))",False,0.5,1,True,False,True,1.0,0.5,1.0,0.06846579990815371,0.005334799992851913,12.833808202723793,686,380,50,13.72
exp54_user27_cut171,14,54,27,171,9050,50,0.2,0.05,0.007935441736015847,1,moving,3,4,"((0,), (1,))","((0,), (1,))","((0,), (1,))",True,1.0,0,True,True,True,1.0,1.0,1.0,0.06846579990815371,0.009883799939416349,6.9270726165868455,686,380,100,6.86
exp54_user27_cut171,14,54,27,171,9050,100,0.2,0.05,0.06418984842593806,1,moving,3,4,"((0,), (1,))","((0,), (1,))","((0,), (1,))",True,1.0,0,True,True,True,1.0,1.0,1.0,0.06846579990815371,0.020283999969251454,3.375359890156829,686,380,200,3.43
exp54_user27_cut171,14,54,27,171,9050,250,0.2,0.05,0.1141061183306525,1,moving,3,4,"((0,), (1,))","((0,), (1,))","((0,), (1,))",True,1.0,0,True,True,True,1.0,1.0,1.0,0.06846579990815371,0.047153000021353364,1.4519924475038448,686,380,500,1.372
exp54_user27_cut171,14,54,27,171,9050,500,0.2,0.05,0.1392638538091695,1,moving,3,4,"((0,), (1,))","((0,), (1,))","((0,), (1,))",True,1.0,0,True,True,True,1.0,1.0,1.0,0.06846579990815371,0.09826759994029999,0.69672811740338,686,380,1000,0.686
exp54_user27_cut171,14,54,27,171,9050,1000,0.2,0.05,0.15705305916532625,1,moving,3,4,"((0,), (1,))","((0,), (1,))","((0,), (1,))",True,1.0,0,True,True,True,1.0,1.0,1.0,0.06846579990815371,0.19509679998736829,0.35093245974606757,686,380,2000,0.343
exp38_user19_cut156,15,38,19,156,9250,25,0.2,0.05,-0.0716203031481239,0,stationary,3,4,"((0,), (1,))","((0,), (1,))","((0,), (1,))",True,1.0,0,True,True,True,1.0,1.0,1.0,0.06545230001211166,0.00616650003939867,10.614173290185251,684,342,50,13.68
exp38_user19_cut156,15,38,19,156,9250,50,0.2,0.05,0.007935441736015847,0,stationary,3,4,"((0,), (1,))","((0,), (1,))","((0,), (1,))",True,1.0,0,True,True,True,1.0,1.0,1.0,0.06545230001211166,0.010060700005851686,6.505740154665393,684,342,100,6.84
exp38_user19_cut156,15,38,19,156,9250,100,0.2,0.05,0.06418984842593806,0,stationary,3,4,"((0,), (1,))","((0,), (1,))","((0,), (1,))",True,1.0,0,True,True,True,1.0,1.0,1.0,0.06545230001211166,0.020629400038160384,3.1727679860314706,684,342,200,3.42
exp38_user19_cut156,15,38,19,156,9250,250,0.2,0.05,0.1141061183306525,0,stationary,3,4,"((0,), (1,))","((0,), (1,))","((0,), (1,))",True,1.0,0,True,True,True,1.0,1.0,1.0,0.06545230001211166,0.0485259999986738,1.348808886244497,684,342,500,1.368
exp38_user19_cut156,15,38,19,156,9250,500,0.2,0.05,0.1392638538091695,0,stationary,3,4,"((0,), (1,))","((0,), (1,))","((0,), (1,))",True,1.0,0,True,True,True,1.0,1.0,1.0,0.06545230001211166,0.09884300001431257,0.6621844743950923,684,342,1000,0.684
exp38_user19_cut156,15,38,19,156,9250,1000,0.2,0.05,0.15705305916532625,0,stationary,3,4,"((0,), (1,))","((0,), (1,))","((0,), (1,))",True,1.0,0,True,True,True,1.0,1.0,1.0,0.06545230001211166,0.19299249991308898,0.3391442674797572,684,342,2000,0.342
exp33_user16_cut150,16,33,16,150,7950,25,0.2,0.05,-0.0716203031481239,1,moving,3,4,"((0,), (1,))","((0,),)","((0,), (1,))",False,0.5,1,True,False,True,1.0,0.5,1.0,0.07053289993200451,0.005343899945728481,13.198768810853823,756,600,50,15.12
exp33_user16_cut150,16,33,16,150,7950,50,0.2,0.05,0.007935441736015847,1,moving,3,4,"((0,), (1,))","((0,), (1,))","((0,), (1,))",True,1.0,0,True,True,True,1.0,1.0,1.0,0.07053289993200451,0.010071599972434342,7.003147476572827,756,600,100,7.56
exp33_user16_cut150,16,33,16,150,7950,100,0.2,0.05,0.06418984842593806,1,moving,3,4,"((0,), (1,))","((0,), (1,))","((0,), (1,))",True,1.0,0,True,True,True,1.0,1.0,1.0,0.07053289993200451,0.019164300058037043,3.6804318299339465,756,600,200,3.78
exp33_user16_cut150,16,33,16,150,7950,250,0.2,0.05,0.1141061183306525,1,moving,3,4,"((0,), (1,))","((0,), (1,))","((0,), (1,))",True,1.0,0,True,True,True,1.0,1.0,1.0,0.07053289993200451,0.052113200072199106,1.353455551266977,756,600,500,1.512
exp33_user16_cut150,16,33,16,150,7950,500,0.2,0.05,0.1392638538091695,1,moving,3,4,"((0,), (1,))","((0,), (1,))","((0,), (1,))",True,1.0,0,True,True,True,1.0,1.0,1.0,0.07053289993200451,0.09752030007075518,0.7232637705260325,756,600,1000,0.756
exp33_user16_cut150,16,33,16,150,7950,1000,0.2,0.05,0.15705305916532625,1,moving,3,4,"((0,), (1,))","((0,), (1,))","((0,), (1,))",True,1.0,0,True,True,True,1.0,1.0,1.0,0.07053289993200451,0.19521110004279763,0.361316031294025,756,600,2000,0.378
exp32_user16_cut159,17,32,16,159,8450,25,0.2,0.05,-0.0716203031481239,1,moving,3,4,"((1,),)","((1,),)","((0,), (1,))",True,1.0,0,True,True,True,0.5,0.5,1.0,0.06526050006505102,0.005485299974679947,11.897343876596066,692,420,50,13.84
exp32_user16_cut159,17,32,16,159,8450,50,0.2,0.05,0.007935441736015847,1,moving,3,4,"((1,),)","((1,),)","((0,), (1,))",True,1.0,0,True,True,True,0.5,0.5,1.0,0.06526050006505102,0.010440699988976121,6.250586659319464,692,420,100,6.92
exp32_user16_cut159,17,32,16,159,8450,100,0.2,0.05,0.06418984842593806,1,moving,3,4,"((1,),)","((1,),)","((0,), (1,))",True,1.0,0,True,True,True,0.5,0.5,1.0,0.06526050006505102,0.020341999945230782,3.208165383972064,692,420,200,3.46
exp32_user16_cut159,17,32,16,159,8450,250,0.2,0.05,0.1141061183306525,1,moving,3,4,"((1,),)","((1,),)","((0,), (1,))",True,1.0,0,True,True,True,0.5,0.5,1.0,0.06526050006505102,0.04914929997175932,1.3278012118697322,692,420,500,1.384
exp32_user16_cut159,17,32,16,159,8450,500,0.2,0.05,0.1392638538091695,1,moving,3,4,"((1,),)","((1,),)","((1,),)",True,1.0,0,True,True,True,0.5,0.5,0.5,0.06526050006505102,0.096252900082618,0.6780107405494809,692,420,1000,0.692
exp32_user16_cut159,17,32,16,159,8450,1000,0.2,0.05,0.15705305916532625,1,moving,3,4,"((1,),)","((1,),)","((1,),)",True,1.0,0,True,True,True,0.5,0.5,0.5,0.06526050006505102,0.18649930006358773,0.3499235656262526,692,420,2000,0.346
exp43_user21_cut195,18,43,21,195,10050,25,0.2,0.05,-0.0716203031481239,0,stationary,3,4,"((0,), (1,))","((0,),)","((0,), (1,))",False,0.5,1,True,True,True,1.0,0.5,1.0,0.07437289995141327,0.00588220008648932,12.643721542597396,716,506,50,14.32
exp43_user21_cut195,18,43,21,195,10050,50,0.2,0.05,0.007935441736015847,0,stationary,3,4,"((0,), (1,))","((0,),)","((0,), (1,))",False,0.5,1,True,True,True,1.0,0.5,1.0,0.07437289995141327,0.010758599964901805,6.912879017162349,716,506,100,7.16
exp43_user21_cut195,18,43,21,195,10050,100,0.2,0.05,0.06418984842593806,0,stationary,3,4,"((0,), (1,))","((0,), (1,))","((0,), (1,))",True,1.0,0,True,True,True,1.0,1.0,1.0,0.07437289995141327,0.019495800021104515,3.8148165179630187,716,506,200,3.58
exp43_user21_cut195,18,43,21,195,10050,250,0.2,0.05,0.1141061183306525,0,stationary,3,4,"((0,), (1,))","((0,), (1,))","((0,), (1,))",True,1.0,0,True,True,True,1.0,1.0,1.0,0.07437289995141327,0.04906809993553907,1.5157077622552577,716,506,500,1.432
exp43_user21_cut195,18,43,21,195,10050,500,0.2,0.05,0.1392638538091695,0,stationary,3,4,"((0,), (1,))","((0,),)","((0,), (1,))",False,0.5,1,True,True,True,1.0,0.5,1.0,0.07437289995141327,0.09788649994879961,0.759787100267296,716,506,1000,0.716
exp43_user21_cut195,18,43,21,195,10050,1000,0.2,0.05,0.15705305916532625,0,stationary,3,4,"((0,), (1,))","((0,), (1,))","((0,), (1,))",True,1.0,0,True,True,True,1.0,1.0,1.0,0.07437289995141327,0.19330060004722327,0.3847525560357495,716,506,2000,0.358
exp51_user25_cut156,19,51,25,156,8050,25,0.2,0.05,-0.0716203031481239,0,stationary,3,4,"((0,),)","((0,),)","((0,), (1,))",True,1.0,0,True,True,True,0.5,0.5,1.0,0.06467319990042597,0.005821999977342784,11.108416377896214,692,420,50,13.84
exp51_user25_cut156,19,51,25,156,8050,50,0.2,0.05,0.007935441736015847,0,stationary,3,4,"((0,),)","((0,),)","((0,), (1,))",True,1.0,0,True,True,True,0.5,0.5,1.0,0.06467319990042597,0.009841600083746016,6.571411086621736,692,420,100,6.92
exp51_user25_cut156,19,51,25,156,8050,100,0.2,0.05,0.06418984842593806,0,stationary,3,4,"((0,),)","((0,),)","((0,), (1,))",True,1.0,0,True,True,True,0.5,0.5,1.0,0.06467319990042597,0.02029530005529523,3.186609694078021,692,420,200,3.46
exp51_user25_cut156,19,51,25,156,8050,250,0.2,0.05,0.1141061183306525,0,stationary,3,4,"((0,),)","((0,),)","((0,), (1,))",True,1.0,0,True,True,True,0.5,0.5,1.0,0.06467319990042597,0.05425050004851073,1.192121728695501,692,420,500,1.384
exp51_user25_cut156,19,51,25,156,8050,500,0.2,0.05,0.1392638538091695,0,stationary,3,4,"((0,),)","((0,),)","((0,), (1,))",True,1.0,0,True,True,True,0.5,0.5,1.0,0.06467319990042597,0.09387199999764562,0.6889509108365437,692,420,1000,0.692
exp51_user25_cut156,19,51,25,156,8050,1000,0.2,0.05,0.15705305916532625,0,stationary,3,4,"((0,),)","((0,),)","((0,), (1,))",True,1.0,0,True,True,True,0.5,0.5,1.0,0.06467319990042597,0.18844020005781204,0.3432027766930024,692,420,2000,0.346
exp60_user30_cut162,20,60,30,162,11850,25,0.2,0.05,-0.0716203031481239,1,moving,3,4,"((1,),)","((1,),)","((0,), (1,))",True,1.0,0,True,True,True,0.5,0.5,1.0,0.06642470008227974,0.005239499965682626,12.6776792665988,702,462,50,14.04
exp60_user30_cut162,20,60,30,162,11850,50,0.2,0.05,0.007935441736015847,1,moving,3,4,"((1,),)","((0,), (1,))","((0,), (1,))",False,0.5,1,True,True,True,0.5,1.0,1.0,0.06642470008227974,0.009811499970965087,6.770086151847179,702,462,100,7.02
exp60_user30_cut162,20,60,30,162,11850,100,0.2,0.05,0.06418984842593806,1,moving,3,4,"((1,),)","((1,),)","((0,), (1,))",True,1.0,0,True,True,True,0.5,0.5,1.0,0.06642470008227974,0.019107299973256886,3.476404315379442,702,462,200,3.51
exp60_user30_cut162,20,60,30,162,11850,250,0.2,0.05,0.1141061183306525,1,moving,3,4,"((1,),)","((1,),)","((0,), (1,))",True,1.0,0,True,True,True,0.5,0.5,1.0,0.06642470008227974,0.047212300007231534,1.4069363295604205,702,462,500,1.404
exp60_user30_cut162,20,60,30,162,11850,500,0.2,0.05,0.1392638538091695,1,moving,3,4,"((1,),)","((1,),)","((0,), (1,))",True,1.0,0,True,True,True,0.5,0.5,1.0,0.06642470008227974,0.0937920999713242,0.7082120999805771,702,462,1000,0.702
exp60_user30_cut162,20,60,30,162,11850,1000,0.2,0.05,0.15705305916532625,1,moving,3,4,"((1,),)","((1,),)","((0,), (1,))",True,1.0,0,True,True,True,0.5,0.5,1.0,0.06642470008227974,0.189132499974221,0.3512072229327774,702,462,2000,0.351
exp33_user16_cut177,21,33,16,177,9300,25,0.2,0.05,-0.0716203031481239,1,moving,3,4,"((1,),)","((1,),)","((0,), (1,))",True,1.0,0,True,True,True,0.5,0.5,1.0,0.06853470008354634,0.005010099965147674,13.679307910082041,692,420,50,13.84
exp33_user16_cut177,21,33,16,177,9300,50,0.2,0.05,0.007935441736015847,1,moving,3,4,"((1,),)","((1,),)","((0,), (1,))",True,1.0,0,True,True,True,0.5,0.5,1.0,0.06853470008354634,0.00982279994059354,6.977104338684632,692,420,100,6.92
exp33_user16_cut177,21,33,16,177,9300,100,0.2,0.05,0.06418984842593806,1,moving,3,4,"((1,),)","((1,),)","((0,), (1,))",True,1.0,0,True,True,True,0.5,0.5,1.0,0.06853470008354634,0.018859699950553477,3.6339231410484367,692,420,200,3.46
exp33_user16_cut177,21,33,16,177,9300,250,0.2,0.05,0.1141061183306525,1,moving,3,4,"((1,),)","((1,),)","((1,),)",True,1.0,0,True,True,True,0.5,0.5,0.5,0.06853470008354634,0.04769500007387251,1.436936785352683,692,420,500,1.384
exp33_user16_cut177,21,33,16,177,9300,500,0.2,0.05,0.1392638538091695,1,moving,3,4,"((1,),)","((1,),)","((1,),)",True,1.0,0,True,True,True,0.5,0.5,0.5,0.06853470008354634,0.09492459998000413,0.721990928568392,692,420,1000,0.692
exp33_user16_cut177,21,33,16,177,9300,1000,0.2,0.05,0.15705305916532625,1,moving,3,4,"((1,),)","((1,),)","((1,),)",True,1.0,0,True,True,True,0.5,0.5,0.5,0.06853470008354634,0.18707710003945976,0.36634467857952935,692,420,2000,0.346
exp51_user25_cut150,22,51,25,150,7750,25,0.2,0.05,-0.0716203031481239,0,stationary,3,4,"((0,),)","((0,),)","((0,), (1,))",True,1.0,0,True,True,True,0.5,0.5,1.0,0.0658199000172317,0.004964400082826614,13.258379445468742,692,420,50,13.84
exp51_user25_cut150,22,51,25,150,7750,50,0.2,0.05,0.007935441736015847,0,stationary,3,4,"((0,),)","((0,),)","((0,), (1,))",True,1.0,0,True,True,True,0.5,0.5,1.0,0.0658199000172317,0.009175000013783574,7.17383105377119,692,420,100,6.92
exp51_user25_cut150,22,51,25,150,7750,100,0.2,0.05,0.06418984842593806,0,stationary,3,4,"((0,),)","((0,),)","((0,), (1,))",True,1.0,0,True,True,True,0.5,0.5,1.0,0.0658199000172317,0.018673900049179792,3.524700241721744,692,420,200,3.46
exp51_user25_cut150,22,51,25,150,7750,250,0.2,0.05,0.1141061183306525,0,stationary,3,4,"((0,),)","((0,),)","((0,), (1,))",True,1.0,0,True,True,True,0.5,0.5,1.0,0.0658199000172317,0.046115399920381606,1.427286766044965,692,420,500,1.384
exp51_user25_cut150,22,51,25,150,7750,500,0.2,0.05,0.1392638538091695,0,stationary,3,4,"((0,),)","((0,),)","((0,), (1,))",True,1.0,0,True,True,True,0.5,0.5,1.0,0.0658199000172317,0.09356329997535795,0.7034798904545574,692,420,1000,0.692
exp51_user25_cut150,22,51,25,150,7750,1000,0.2,0.05,0.15705305916532625,0,stationary,3,4,"((0,),)","((0,),)","((0,), (1,))",True,1.0,0,True,True,True,0.5,0.5,1.0,0.0658199000172317,0.18909270002041012,0.3480827129240171,692,420,2000,0.346
exp32_user16_cut156,23,32,16,156,8300,25,0.2,0.05,-0.0716203031481239,0,stationary,3,4,"((0,), (1,))","((0,),)","((0,), (1,))",False,0.5,1,True,True,True,1.0,0.5,1.0,0.06683259992860258,0.005068999947980046,13.184573015281803,684,342,50,13.68
exp32_user16_cut156,23,32,16,156,8300,50,0.2,0.05,0.007935441736015847,0,stationary,3,4,"((0,), (1,))","((0,),)","((0,), (1,))",False,0.5,1,True,True,True,1.0,0.5,1.0,0.06683259992860258,0.00947169994469732,7.0560301021801735,684,342,100,6.84
exp32_user16_cut156,23,32,16,156,8300,100,0.2,0.05,0.06418984842593806,0,stationary,3,4,"((0,), (1,))","((0,),)","((0,), (1,))",False,0.5,1,True,True,True,1.0,0.5,1.0,0.06683259992860258,0.01942819997202605,3.4399790008766833,684,342,200,3.42
exp32_user16_cut156,23,32,16,156,8300,250,0.2,0.05,0.1141061183306525,0,stationary,3,4,"((0,), (1,))","((0,), (1,))","((0,), (1,))",True,1.0,0,True,True,True,1.0,1.0,1.0,0.06683259992860258,0.04650459997355938,1.437118047818944,684,342,500,1.368
exp32_user16_cut156,23,32,16,156,8300,500,0.2,0.05,0.1392638538091695,0,stationary,3,4,"((0,), (1,))","((0,), (1,))","((0,), (1,))",True,1.0,0,True,True,True,1.0,1.0,1.0,0.06683259992860258,0.09328270005062222,0.7164522456182568,684,342,1000,0.684
exp32_user16_cut156,23,32,16,156,8300,1000,0.2,0.05,0.15705305916532625,0,stationary,3,4,"((0,), (1,))","((0,), (1,))","((0,), (1,))",True,1.0,0,True,True,True,1.0,1.0,1.0,0.06683259992860258,0.18781809997744858,0.35583684392839243,684,342,2000,0.342
exp33_user16_cut156,24,33,16,156,8250,25,0.2,0.05,-0.0716203031481239,0,stationary,3,4,"((0,), (1,))","((0,), (1,))","((0,), (1,))",True,1.0,0,True,True,True,1.0,1.0,1.0,0.06649939995259047,0.004930800059810281,13.486533452169448,702,462,50,14.04
exp33_user16_cut156,24,33,16,156,8250,50,0.2,0.05,0.007935441736015847,0,stationary,3,4,"((0,), (1,))","((0,), (1,))","((0,), (1,))",True,1.0,0,True,True,True,1.0,1.0,1.0,0.06649939995259047,0.01014330005273223,6.555992586917311,702,462,100,7.02
exp33_user16_cut156,24,33,16,156,8250,100,0.2,0.05,0.06418984842593806,0,stationary,3,4,"((0,), (1,))","((0,),)","((0,), (1,))",False,0.5,1,True,True,True,1.0,0.5,1.0,0.06649939995259047,0.019129399908706546,3.4762930499625324,702,462,200,3.51
exp33_user16_cut156,24,33,16,156,8250,250,0.2,0.05,0.1141061183306525,0,stationary,3,4,"((0,), (1,))","((0,), (1,))","((0,), (1,))",True,1.0,0,True,True,True,1.0,1.0,1.0,0.06649939995259047,0.04657589993439615,1.4277641451106107,702,462,500,1.404
exp33_user16_cut156,24,33,16,156,8250,500,0.2,0.05,0.1392638538091695,0,stationary,3,4,"((0,), (1,))","((0,), (1,))","((0,), (1,))",True,1.0,0,True,True,True,1.0,1.0,1.0,0.06649939995259047,0.09497500001452863,0.7001779409572818,702,462,1000,0.702
exp33_user16_cut156,24,33,16,156,8250,1000,0.2,0.05,0.15705305916532625,0,stationary,3,4,"((0,), (1,))","((0,), (1,))","((0,), (1,))",True,1.0,0,True,True,True,1.0,1.0,1.0,0.06649939995259047,0.18849309999495745,0.35279487659956493,702,462,2000,0.351
exp25_user12_cut150,25,25,12,150,7700,25,0.2,0.05,-0.0716203031481239,1,moving,3,4,"((0,), (1,))","((0,),)","((0,), (1,))",False,0.5,1,True,False,True,1.0,0.5,1.0,0.06585230003111064,0.004901999956928194,13.43376185428948,692,420,50,13.84
exp25_user12_cut150,25,25,12,150,7700,50,0.2,0.05,0.007935441736015847,1,moving,3,4,"((0,), (1,))","((0,),)","((0,), (1,))",False,0.5,1,True,False,True,1.0,0.5,1.0,0.06585230003111064,0.010222799959592521,6.441708758011881,692,420,100,6.92
exp25_user12_cut150,25,25,12,150,7700,100,0.2,0.05,0.06418984842593806,1,moving,3,4,"((0,), (1,))","((0,), (1,))","((0,), (1,))",True,1.0,0,True,True,True,1.0,1.0,1.0,0.06585230003111064,0.01886369998101145,3.490953529657426,692,420,200,3.46
exp25_user12_cut150,25,25,12,150,7700,250,0.2,0.05,0.1141061183306525,1,moving,3,4,"((0,), (1,))","((0,), (1,))","((0,), (1,))",True,1.0,0,True,True,True,1.0,1.0,1.0,0.06585230003111064,0.05029480007942766,1.3093262112010373,692,420,500,1.384
exp25_user12_cut150,25,25,12,150,7700,500,0.2,0.05,0.1392638538091695,1,moving,3,4,"((0,), (1,))","((0,), (1,))","((0,), (1,))",True,1.0,0,True,True,True,1.0,1.0,1.0,0.06585230003111064,0.09445070009678602,0.6972134665347121,692,420,1000,0.692
exp25_user12_cut150,25,25,12,150,7700,1000,0.2,0.05,0.15705305916532625,1,moving,3,4,"((0,), (1,))","((0,), (1,))","((0,), (1,))",True,1.0,0,True,True,True,1.0,1.0,1.0,0.06585230003111064,0.18706500006373972,0.3520289739324428,692,420,2000,0.346
exp36_user18_cut153,26,36,18,153,8350,25,0.2,0.05,-0.0716203031481239,0,stationary,3,4,"((1,),)","((1,),)","((0,), (1,))",True,1.0,0,False,False,True,0.5,0.5,1.0,0.07348030002322048,0.0051512999925762415,14.264418715492415,782,650,50,15.64
exp36_user18_cut153,26,36,18,153,8350,50,0.2,0.05,0.007935441736015847,0,stationary,3,4,"((1,),)","((1,),)","((0,), (1,))",True,1.0,0,False,False,True,0.5,0.5,1.0,0.07348030002322048,0.009630999993532896,7.629560800805902,782,650,100,7.82
exp36_user18_cut153,26,36,18,153,8350,100,0.2,0.05,0.06418984842593806,0,stationary,3,4,"((1,),)","((1,),)","((0,), (1,))",True,1.0,0,False,False,True,0.5,0.5,1.0,0.07348030002322048,0.019099000026471913,3.847337552823399,782,650,200,3.91
exp36_user18_cut153,26,36,18,153,8350,250,0.2,0.05,0.1141061183306525,0,stationary,3,4,"((1,),)","((1,),)","((0,), (1,))",True,1.0,0,False,False,True,0.5,0.5,1.0,0.07348030002322048,0.04676830000244081,1.5711561040145907,782,650,500,1.564
exp36_user18_cut153,26,36,18,153,8350,500,0.2,0.05,0.1392638538091695,0,stationary,3,4,"((1,),)","((1,),)","((0,), (1,))",True,1.0,0,False,False,True,0.5,0.5,1.0,0.07348030002322048,0.09354290005285293,0.7855251438826804,782,650,1000,0.782
exp36_user18_cut153,26,36,18,153,8350,1000,0.2,0.05,0.15705305916532625,0,stationary,3,4,"((1,),)","((1,),)","((0,), (1,))",True,1.0,0,False,False,True,0.5,0.5,1.0,0.07348030002322048,0.18645749997813255,0.3940860519519898,782,650,2000,0.391
exp45_user22_cut150,27,45,22,150,8350,25,0.2,0.05,-0.0716203031481239,1,moving,3,4,"((0,), (1,))",(),"((0,), (1,))",False,0.0,2,True,False,True,1.0,0.0,1.0,0.07514319999609143,0.0048952000215649605,15.350383981259398,782,650,50,15.64
exp45_user22_cut150,27,45,22,150,8350,50,0.2,0.05,0.007935441736015847,1,moving,3,4,"((0,), (1,))","((0,), (1,))","((0,), (1,))",True,1.0,0,True,True,True,1.0,1.0,1.0,0.07514319999609143,0.00983340002130717,7.641629531318763,782,650,100,7.82
exp45_user22_cut150,27,45,22,150,8350,100,0.2,0.05,0.06418984842593806,1,moving,3,4,"((0,), (1,))","((0,), (1,))","((0,), (1,))",True,1.0,0,True,True,True,1.0,1.0,1.0,0.07514319999609143,0.019176100031472743,3.9185861500911434,782,650,200,3.91
exp45_user22_cut150,27,45,22,150,8350,250,0.2,0.05,0.1141061183306525,1,moving,3,4,"((0,), (1,))","((0,), (1,))","((0,), (1,))",True,1.0,0,True,True,True,1.0,1.0,1.0,0.07514319999609143,0.04804830008652061,1.5639096463512967,782,650,500,1.564
exp45_user22_cut150,27,45,22,150,8350,500,0.2,0.05,0.1392638538091695,1,moving,3,4,"((0,), (1,))","((0,), (1,))","((0,), (1,))",True,1.0,0,True,True,True,1.0,1.0,1.0,0.07514319999609143,0.09345610009040684,0.804048103049453,782,650,1000,0.782
exp45_user22_cut150,27,45,22,150,8350,1000,0.2,0.05,0.15705305916532625,1,moving,3,4,"((0,), (1,))","((0,), (1,))","((0,), (1,))",True,1.0,0,True,True,True,1.0,1.0,1.0,0.07514319999609143,0.19377140002325177,0.3877930385344512,782,650,2000,0.391
exp48_user24_cut171,28,48,24,171,9050,25,0.2,0.05,-0.0716203031481239,0,stationary,3,4,"((0,),)","((0,),)","((0,), (1,))",True,1.0,0,True,True,True,0.5,0.5,1.0,0.0729788999306038,0.0049683001125231385,14.688907328011965,756,600,50,15.12
exp48_user24_cut171,28,48,24,171,9050,50,0.2,0.05,0.007935441736015847,0,stationary,3,4,"((0,),)","((0,),)","((0,), (1,))",True,1.0,0,True,True,True,0.5,0.5,1.0,0.0729788999306038,0.009278399986214936,7.865461721744018,756,600,100,7.56
exp48_user24_cut171,28,48,24,171,9050,100,0.2,0.05,0.06418984842593806,0,stationary,3,4,"((0,),)","((0,),)","((0,), (1,))",True,1.0,0,True,True,True,0.5,0.5,1.0,0.0729788999306038,0.020005300058983266,3.647978271529751,756,600,200,3.78
exp48_user24_cut171,28,48,24,171,9050,250,0.2,0.05,0.1141061183306525,0,stationary,3,4,"((0,),)","((0,),)","((0,), (1,))",True,1.0,0,True,True,True,0.5,0.5,1.0,0.0729788999306038,0.049682200071401894,1.4689144165459769,756,600,500,1.512
exp48_user24_cut171,28,48,24,171,9050,500,0.2,0.05,0.1392638538091695,0,stationary,3,4,"((0,),)","((0,),)","((0,), (1,))",True,1.0,0,True,True,True,0.5,0.5,1.0,0.0729788999306038,0.09512059995904565,0.7672249750529854,756,600,1000,0.756
exp48_user24_cut171,28,48,24,171,9050,1000,0.2,0.05,0.15705305916532625,0,stationary,3,4,"((0,),)","((0,),)","((0,),)",True,1.0,0,True,True,True,0.5,0.5,0.5,0.0729788999306038,0.19177809997927397,0.3805382363183849,756,600,2000,0.378
exp33_user16_cut153,29,33,16,153,8100,25,0.2,0.05,-0.0716203031481239,0,stationary,3,4,"((1,),)","((1,),)","((0,), (1,))",True,1.0,0,False,False,True,0.5,0.5,1.0,0.06869500002358109,0.005228399997577071,13.13881876968394,702,462,50,14.04
exp33_user16_cut153,29,33,16,153,8100,50,0.2,0.05,0.007935441736015847,0,stationary,3,4,"((1,),)","((1,),)","((0,), (1,))",True,1.0,0,False,False,True,0.5,0.5,1.0,0.06869500002358109,0.009943800047039986,6.908324754984371,702,462,100,7.02
exp33_user16_cut153,29,33,16,153,8100,100,0.2,0.05,0.06418984842593806,0,stationary,3,4,"((1,),)","((1,),)","((1,),)",True,1.0,0,False,False,False,0.5,0.5,0.5,0.06869500002358109,0.019632400013506413,3.4990627725760124,702,462,200,3.51
exp33_user16_cut153,29,33,16,153,8100,250,0.2,0.05,0.1141061183306525,0,stationary,3,4,"((1,),)","((1,),)","((1,),)",True,1.0,0,False,False,False,0.5,0.5,0.5,0.06869500002358109,0.051127800019457936,1.3435938960299,702,462,500,1.404
exp33_user16_cut153,29,33,16,153,8100,500,0.2,0.05,0.1392638538091695,0,stationary,3,4,"((1,),)","((1,),)","((1,),)",True,1.0,0,False,False,False,0.5,0.5,0.5,0.06869500002358109,0.09640589996706694,0.712560123882956,702,462,1000,0.702
exp33_user16_cut153,29,33,16,153,8100,1000,0.2,0.05,0.15705305916532625,0,stationary,3,4,"((1,),)","((1,),)","((1,),)",True,1.0,0,False,False,False,0.5,0.5,0.5,0.06869500002358109,0.1950692000100389,0.35215708076952085,702,462,2000,0.351
exp42_user21_cut177,30,42,21,177,9250,25,0.2,0.05,-0.0716203031481239,0,stationary,3,4,"((0,), (1,))","((0,),)","((0,), (1,))",False,0.5,1,True,True,True,1.0,0.5,1.0,0.06890930002555251,0.005620099953375757,12.261223216174582,702,462,50,14.04
exp42_user21_cut177,30,42,21,177,9250,50,0.2,0.05,0.007935441736015847,0,stationary,3,4,"((0,), (1,))","((0,),)","((0,), (1,))",False,0.5,1,True,True,True,1.0,0.5,1.0,0.06890930002555251,0.010241999989375472,6.72810975366486,702,462,100,7.02
exp42_user21_cut177,30,42,21,177,9250,100,0.2,0.05,0.06418984842593806,0,stationary,3,4,"((0,), (1,))","((0,),)","((0,), (1,))",False,0.5,1,True,True,True,1.0,0.5,1.0,0.06890930002555251,0.02012279990594834,3.42443896215371,702,462,200,3.51
exp42_user21_cut177,30,42,21,177,9250,250,0.2,0.05,0.1141061183306525,0,stationary,3,4,"((0,), (1,))","((0,), (1,))","((0,), (1,))",True,1.0,0,True,True,True,1.0,1.0,1.0,0.06890930002555251,0.049410699983127415,1.394623027989553,702,462,500,1.404
exp42_user21_cut177,30,42,21,177,9250,500,0.2,0.05,0.1392638538091695,0,stationary,3,4,"((0,), (1,))","((0,), (1,))","((0,), (1,))",True,1.0,0,True,True,True,1.0,1.0,1.0,0.06890930002555251,0.09836280008312315,0.700562610736168,702,462,1000,0.702
exp42_user21_cut177,30,42,21,177,9250,1000,0.2,0.05,0.15705305916532625,0,stationary,3,4,"((0,), (1,))","((0,), (1,))","((0,), (1,))",True,1.0,0,True,True,True,1.0,1.0,1.0,0.06890930002555251,0.1931018999312073,0.3568545936114637,702,462,2000,0.351
exp39_user19_cut174,31,39,19,174,9250,25,0.2,0.05,-0.0716203031481239,1,moving,3,4,"((1,),)","((1,),)","((0,), (1,))",True,1.0,0,True,True,True,0.5,0.5,1.0,0.06646449991967529,0.005025699967518449,13.224923960690319,686,380,50,13.72
exp39_user19_cut174,31,39,19,174,9250,50,0.2,0.05,0.007935441736015847,1,moving,3,4,"((1,),)","((1,),)","((0,), (1,))",True,1.0,0,True,True,True,0.5,0.5,1.0,0.06646449991967529,0.009215899975970387,7.21193807365264,686,380,100,6.86
exp39_user19_cut174,31,39,19,174,9250,100,0.2,0.05,0.06418984842593806,1,moving,3,4,"((1,),)","((1,),)","((1,),)",True,1.0,0,True,True,True,0.5,0.5,0.5,0.06646449991967529,0.01881650008726865,3.5322456148285273,686,380,200,3.43
exp39_user19_cut174,31,39,19,174,9250,250,0.2,0.05,0.1141061183306525,1,moving,3,4,"((1,),)","((1,),)","((1,),)",True,1.0,0,True,True,True,0.5,0.5,0.5,0.06646449991967529,0.04845389991533011,1.3717058902548087,686,380,500,1.372
exp39_user19_cut174,31,39,19,174,9250,500,0.2,0.05,0.1392638538091695,1,moving,3,4,"((1,),)","((1,),)","((1,),)",True,1.0,0,True,True,True,0.5,0.5,0.5,0.06646449991967529,0.09827479999512434,0.6763127467364244,686,380,1000,0.686
exp39_user19_cut174,31,39,19,174,9250,1000,0.2,0.05,0.15705305916532625,1,moving,3,4,"((1,),)","((1,),)","((1,),)",True,1.0,0,True,True,True,0.5,0.5,0.5,0.06646449991967529,0.19135820004157722,0.3473302942086321,686,380,2000,0.343
