split_id,split_index,experiment_id,user_id,true_state,true_state_name,M,candidate,q_exact,q_hat,error,absolute_error,squared_error,margin_abs_q_minus_alpha,exact_decision,mc_decision,decision_disagreement,hoeffding_decision_bound,n_blocks,exact_permutation_count
exp35_user17_cut168,0,35,17,0,stationary,25,"(0,)",0.5714285714285714,0.64,0.06857142857142862,0.06857142857142862,0.004702040816326537,0.3714285714285714,True,True,False,0.0010098442341126832,14,182
exp35_user17_cut168,0,35,17,0,stationary,25,"(1,)",0.1721014492753623,0.16,-0.012101449275362303,0.012101449275362303,0.0001464450745641668,0.027898550724637705,False,False,False,0.9618310604011863,24,552
exp35_user17_cut168,0,35,17,0,stationary,50,"(0,)",0.5714285714285714,0.56,-0.011428571428571344,0.011428571428571344,0.00013061224489795725,0.3714285714285714,True,True,False,1.0197853771706318e-06,14,182
exp35_user17_cut168,0,35,17,0,stationary,50,"(1,)",0.1721014492753623,0.24,0.06789855072463769,0.06789855072463769,0.004610213190506197,0.027898550724637705,False,True,True,0.9251189887524705,24,552
exp35_user17_cut168,0,35,17,0,stationary,100,"(0,)",0.5714285714285714,0.56,-0.011428571428571344,0.011428571428571344,0.00013061224489795725,0.3714285714285714,True,True,False,1.039962215491048e-12,14,182
exp35_user17_cut168,0,35,17,0,stationary,100,"(1,)",0.1721014492753623,0.18,0.007898550724637687,0.007898550724637687,6.238710354967454e-05,0.027898550724637705,False,False,False,0.8558451433503935,24,552
exp35_user17_cut168,0,35,17,0,stationary,250,"(0,)",0.5714285714285714,0.58,0.008571428571428563,0.008571428571428563,7.34693877551019e-05,0.3714285714285714,True,True,False,1.1029197186570764e-30,14,182
exp35_user17_cut168,0,35,17,0,stationary,250,"(1,)",0.1721014492753623,0.156,-0.016101449275362306,0.016101449275362306,0.00025925666876706535,0.027898550724637705,False,False,False,0.6776227469914515,24,552
exp35_user17_cut168,0,35,17,0,stationary,500,"(0,)",0.5714285714285714,0.57,-0.0014285714285714457,0.0014285714285714457,2.040816326530661e-06,0.3714285714285714,True,True,False,1.2164319058026047e-60,14,182
exp35_user17_cut168,0,35,17,0,stationary,500,"(1,)",0.1721014492753623,0.17,-0.0021014492753622938,0.0021014492753622938,4.41608905692071e-06,0.027898550724637705,False,False,False,0.45917258724024074,24,552
exp35_user17_cut168,0,35,17,0,stationary,1000,"(0,)",0.5714285714285714,0.578,0.006571428571428561,0.006571428571428561,4.318367346938762e-05,0.3714285714285714,True,True,False,1.4797065814545567e-120,14,182
exp35_user17_cut168,0,35,17,0,stationary,1000,"(1,)",0.1721014492753623,0.163,-0.0091014492753623,0.0091014492753623,8.283637891199293e-05,0.027898550724637705,False,False,False,0.21083946487289648,24,552
exp59_user29_cut150,1,59,29,0,stationary,25,"(0,)",0.38095238095238093,0.36,-0.020952380952380945,0.020952380952380945,0.0004390022675736958,0.18095238095238092,True,True,False,0.1945262412412114,21,420
exp59_user29_cut150,1,59,29,0,stationary,25,"(1,)",0.22058823529411764,0.2,-0.02058823529411763,0.02058823529411763,0.0004238754325259508,0.02058823529411763,True,False,True,0.9790292381005904,17,272
exp59_user29_cut150,1,59,29,0,stationary,50,"(0,)",0.38095238095238093,0.4,0.01904761904761909,0.01904761904761909,0.0003628117913832216,0.18095238095238092,True,True,False,0.037840458531433974,21,420
exp59_user29_cut150,1,59,29,0,stationary,50,"(1,)",0.22058823529411764,0.22,-0.0005882352941176394,0.0005882352941176394,3.4602076124566574e-07,0.02058823529411763,True,True,False,0.9584982490558226,17,272
exp59_user29_cut150,1,59,29,0,stationary,100,"(0,)",0.38095238095238093,0.38,-0.0009523809523809268,0.0009523809523809268,9.070294784580011e-07,0.18095238095238092,True,True,False,0.0014319003018691742,21,420
exp59_user29_cut150,1,59,29,0,stationary,100,"(1,)",0.22058823529411764,0.22,-0.0005882352941176394,0.0005882352941176394,3.4602076124566574e-07,0.02058823529411763,True,True,False,0.9187188934430777,17,272
exp59_user29_cut150,1,59,29,0,stationary,250,"(0,)",0.38095238095238093,0.352,-0.02895238095238095,0.02895238095238095,0.0008382403628117913,0.18095238095238092,True,True,False,7.758574801945696e-08,21,420
exp59_user29_cut150,1,59,29,0,stationary,250,"(1,)",0.22058823529411764,0.252,0.03141176470588236,0.03141176470588236,0.0009866989619377168,0.02058823529411763,True,True,False,0.8090150844801116,17,272
exp59_user29_cut150,1,59,29,0,stationary,500,"(0,)",0.38095238095238093,0.346,-0.03495238095238096,0.03495238095238096,0.0012216689342403632,0.18095238095238092,True,True,False,6.0195482957386705e-15,21,420
exp59_user29_cut150,1,59,29,0,stationary,500,"(1,)",0.22058823529411764,0.222,0.0014117647058823624,0.0014117647058823624,1.993079584775113e-06,0.02058823529411763,True,True,False,0.654505406916362,17,272
exp59_user29_cut150,1,59,29,0,stationary,1000,"(0,)",0.38095238095238093,0.372,-0.008952380952380934,0.008952380952380934,8.014512471655296e-05,0.18095238095238092,True,True,False,3.623496168473033e-29,21,420
exp59_user29_cut150,1,59,29,0,stationary,1000,"(1,)",0.22058823529411764,0.216,-0.004588235294117643,0.004588235294117643,2.1051903114186813e-05,0.02058823529411763,True,True,False,0.4283773276827527,17,272
exp51_user25_cut174,2,51,25,1,moving,25,"(0,)",0.0625,0.08,0.0175,0.0175,0.00030625000000000004,0.1375,False,False,False,0.38855812751236407,16,240
exp51_user25_cut174,2,51,25,1,moving,25,"(1,)",0.9545454545454546,0.96,0.005454545454545379,0.005454545454545379,2.975206611570165e-05,0.7545454545454546,True,True,False,4.3347505276241116e-13,22,462
exp51_user25_cut174,2,51,25,1,moving,50,"(0,)",0.0625,0.16,0.0975,0.0975,0.00950625,0.1375,False,False,False,0.15097741845591459,16,240
exp51_user25_cut174,2,51,25,1,moving,50,"(1,)",0.9545454545454546,0.96,0.005454545454545379,0.005454545454545379,2.975206611570165e-05,0.7545454545454546,True,True,False,1.8790062136737514e-25,22,462
exp51_user25_cut174,2,51,25,1,moving,100,"(0,)",0.0625,0.09,0.027499999999999997,0.027499999999999997,0.0007562499999999999,0.1375,False,False,False,0.022794180883612337,16,240
exp51_user25_cut174,2,51,25,1,moving,100,"(1,)",0.9545454545454546,0.96,0.005454545454545379,0.005454545454545379,2.975206611570165e-05,0.7545454545454546,True,True,False,3.5306643510245677e-50,22,462
exp51_user25_cut174,2,51,25,1,moving,250,"(0,)",0.0625,0.084,0.021500000000000005,0.021500000000000005,0.0004622500000000002,0.1375,False,False,False,7.844404420678974e-05,16,240
exp51_user25_cut174,2,51,25,1,moving,250,"(1,)",0.9545454545454546,0.952,-0.0025454545454546285,0.0025454545454546285,6.4793388429756295e-06,0.7545454545454546,True,True,False,2.3422922494395144e-124,22,462
exp51_user25_cut174,2,51,25,1,moving,500,"(0,)",0.0625,0.07,0.007500000000000007,0.007500000000000007,5.62500000000001e-05,0.1375,False,False,False,6.153468071516783e-09,16,240
exp51_user25_cut174,2,51,25,1,moving,500,"(1,)",0.9545454545454546,0.954,-0.0005454545454546267,0.0005454545454546267,2.975206611571134e-07,0.7545454545454546,True,True,False,5.48633298178442e-248,22,462
exp51_user25_cut174,2,51,25,1,moving,1000,"(0,)",0.0625,0.067,0.004500000000000004,0.004500000000000004,2.0250000000000035e-05,0.1375,False,False,False,3.7865169307176476e-17,16,240
exp51_user25_cut174,2,51,25,1,moving,1000,"(1,)",0.9545454545454546,0.956,0.001454545454545375,0.001454545454545375,2.1157024793386117e-06,0.7545454545454546,True,True,False,0.0,22,462
exp39_user19_cut162,3,39,19,0,stationary,25,"(0,)",0.16666666666666666,0.08,-0.08666666666666666,0.08666666666666666,0.007511111111111109,0.033333333333333354,False,False,False,0.9459594689067654,18,306
exp39_user19_cut162,3,39,19,0,stationary,25,"(1,)",0.19736842105263158,0.2,0.0026315789473684292,0.0026315789473684292,6.92520775623273e-06,0.0026315789473684292,False,False,False,0.9996537995533978,20,380
exp39_user19_cut162,3,39,19,0,stationary,50,"(0,)",0.16666666666666666,0.16,-0.006666666666666654,0.006666666666666654,4.444444444444428e-05,0.033333333333333354,False,False,False,0.8948393168143697,18,306
exp39_user19_cut162,3,39,19,0,stationary,50,"(1,)",0.19736842105263158,0.14,-0.05736842105263157,0.05736842105263157,0.0032911357340720208,0.0026315789473684292,False,False,False,0.9993077189615449,20,380
exp39_user19_cut162,3,39,19,0,stationary,100,"(0,)",0.16666666666666666,0.19,0.023333333333333345,0.023333333333333345,0.0005444444444444449,0.033333333333333354,False,False,False,0.8007374029168078,18,306
exp39_user19_cut162,3,39,19,0,stationary,100,"(1,)",0.19736842105263158,0.2,0.0026315789473684292,0.0026315789473684292,6.92520775623273e-06,0.0026315789473684292,False,False,False,0.998615917176126,20,380
exp39_user19_cut162,3,39,19,0,stationary,250,"(0,)",0.16666666666666666,0.176,0.009333333333333332,0.009333333333333332,8.711111111111109e-05,0.033333333333333354,False,False,False,0.5737534207374324,18,306
exp39_user19_cut162,3,39,19,0,stationary,250,"(1,)",0.19736842105263158,0.208,0.010631578947368409,0.010631578947368409,0.00011303047091412716,0.0026315789473684292,False,True,True,0.9965433840214568,20,380
exp39_user19_cut162,3,39,19,0,stationary,500,"(0,)",0.16666666666666666,0.176,0.009333333333333332,0.009333333333333332,8.711111111111109e-05,0.033333333333333354,False,False,False,0.3291929878079051,18,306
exp39_user19_cut162,3,39,19,0,stationary,500,"(1,)",0.19736842105263158,0.22,0.02263157894736842,0.02263157894736842,0.0005121883656509695,0.0026315789473684292,False,True,True,0.9930987162369367,20,380
exp39_user19_cut162,3,39,19,0,stationary,1000,"(0,)",0.16666666666666666,0.182,0.015333333333333338,0.015333333333333338,0.00023511111111111126,0.033333333333333354,False,False,False,0.10836802322189558,18,306
exp39_user19_cut162,3,39,19,0,stationary,1000,"(1,)",0.19736842105263158,0.206,0.008631578947368407,0.008631578947368407,7.45041551246535e-05,0.0026315789473684292,False,True,True,0.9862450601914518,20,380
exp44_user22_cut159,4,44,22,1,moving,25,"(0,)",0.04285714285714286,0.0,-0.04285714285714286,0.04285714285714286,0.0018367346938775511,0.15714285714285714,False,False,False,0.2909238070461482,21,420
exp44_user22_cut159,4,44,22,1,moving,25,"(1,)",0.9411764705882353,0.88,-0.06117647058823528,0.06117647058823528,0.003742560553633216,0.7411764705882353,True,True,False,1.178088356868077e-12,17,272
exp44_user22_cut159,4,44,22,1,moving,50,"(0,)",0.04285714285714286,0.04,-0.0028571428571428567,0.0028571428571428567,8.163265306122447e-06,0.15714285714285714,False,False,False,0.08463666150622445,21,420
exp44_user22_cut159,4,44,22,1,moving,50,"(1,)",0.9411764705882353,0.92,-0.02117647058823524,0.02117647058823524,0.00044844290657439223,0.7411764705882353,True,True,False,1.3878921765881255e-24,17,272
exp44_user22_cut159,4,44,22,1,moving,100,"(0,)",0.04285714285714286,0.05,0.007142857142857145,0.007142857142857145,5.102040816326534e-05,0.15714285714285714,False,False,False,0.007163364470919217,21,420
exp44_user22_cut159,4,44,22,1,moving,100,"(1,)",0.9411764705882353,0.95,0.008823529411764675,0.008823529411764675,7.785467128027627e-05,0.7411764705882353,True,True,False,1.9262446938345243e-48,17,272
exp44_user22_cut159,4,44,22,1,moving,250,"(0,)",0.04285714285714286,0.06,0.01714285714285714,0.01714285714285714,0.00029387755102040807,0.15714285714285714,False,False,False,4.343027920808469e-06,21,420
exp44_user22_cut159,4,44,22,1,moving,250,"(1,)",0.9411764705882353,0.956,0.01482352941176468,0.01482352941176468,0.00021973702422145252,0.7411764705882353,True,True,False,5.149660975294579e-120,17,272
exp44_user22_cut159,4,44,22,1,moving,500,"(0,)",0.04285714285714286,0.056,0.013142857142857144,0.013142857142857144,0.00017273469387755103,0.15714285714285714,False,False,False,1.8861891520921934e-11,21,420
exp44_user22_cut159,4,44,22,1,moving,500,"(1,)",0.9411764705882353,0.956,0.01482352941176468,0.01482352941176468,0.00021973702422145252,0.7411764705882353,True,True,False,2.6519008160471913e-239,17,272
exp44_user22_cut159,4,44,22,1,moving,1000,"(0,)",0.04285714285714286,0.052,0.00914285714285714,0.00914285714285714,8.359183673469383e-05,0.15714285714285714,False,False,False,3.5577095174702675e-22,21,420
exp44_user22_cut159,4,44,22,1,moving,1000,"(1,)",0.9411764705882353,0.947,0.005823529411764672,0.005823529411764672,3.391349480968818e-05,0.7411764705882353,True,True,False,0.0,17,272
exp61_user30_cut159,5,61,30,1,moving,25,"(0,)",0.5294117647058824,0.52,-0.009411764705882342,0.009411764705882342,8.858131487889252e-05,0.32941176470588235,True,True,False,0.004402399541650948,17,272
exp61_user30_cut159,5,61,30,1,moving,25,"(1,)",0.19047619047619047,0.28,0.08952380952380956,0.08952380952380956,0.008014512471655336,0.009523809523809545,False,True,True,0.9954751208601006,21,420
exp61_user30_cut159,5,61,30,1,moving,50,"(0,)",0.5294117647058824,0.44,-0.08941176470588236,0.08941176470588236,0.00799446366782007,0.32941176470588235,True,True,False,1.9381121724328475e-05,17,272
exp61_user30_cut159,5,61,30,1,moving,50,"(1,)",0.19047619047619047,0.2,0.009523809523809545,0.009523809523809545,9.07029478458054e-05,0.009523809523809545,False,False,False,0.9909707162514318,21,420
exp61_user30_cut159,5,61,30,1,moving,100,"(0,)",0.5294117647058824,0.52,-0.009411764705882342,0.009411764705882342,8.858131487889252e-05,0.32941176470588235,True,True,False,3.756278792932372e-10,17,272
exp61_user30_cut159,5,61,30,1,moving,100,"(1,)",0.19047619047619047,0.22,0.029523809523809535,0.029523809523809535,0.0008716553287981866,0.009523809523809545,False,True,True,0.9820229604678758,21,420
exp61_user30_cut159,5,61,30,1,moving,250,"(0,)",0.5294117647058824,0.552,0.022588235294117687,0.022588235294117687,0.000510228373702424,0.32941176470588235,True,True,False,2.7346046369077832e-24,17,272
exp61_user30_cut159,5,61,30,1,moving,250,"(1,)",0.19047619047619047,0.212,0.02152380952380953,0.02152380952380953,0.00046327437641723376,0.009523809523809545,False,True,True,0.955661532690015,21,420
exp61_user30_cut159,5,61,30,1,moving,500,"(0,)",0.5294117647058824,0.54,0.010588235294117676,0.010588235294117676,0.00011211072664359924,0.32941176470588235,True,True,False,7.478062520197549e-48,17,272
exp61_user30_cut159,5,61,30,1,moving,500,"(1,)",0.19047619047619047,0.216,0.025523809523809532,0.025523809523809532,0.0006514648526077102,0.009523809523809545,False,True,True,0.9132889650634285,21,420
exp61_user30_cut159,5,61,30,1,moving,1000,"(0,)",0.5294117647058824,0.549,0.019588235294117684,0.019588235294117684,0.0003836989619377177,0.32941176470588235,True,True,False,5.592141905598331e-95,17,272
exp61_user30_cut159,5,61,30,1,moving,1000,"(1,)",0.19047619047619047,0.203,0.012523809523809548,0.012523809523809548,0.00015684580498866274,0.009523809523809545,False,True,True,0.8340967337066284,21,420
exp52_user26_cut180,6,52,26,1,moving,25,"(0,)",0.4,0.36,-0.040000000000000036,0.040000000000000036,0.001600000000000003,0.2,True,True,False,0.13533528323661262,20,380
exp52_user26_cut180,6,52,26,1,moving,25,"(1,)",0.21241830065359477,0.24,0.027581699346405225,0.027581699346405225,0.0007607501388354904,0.012418300653594755,True,True,False,0.992318941705077,18,306
exp52_user26_cut180,6,52,26,1,moving,50,"(0,)",0.4,0.4,0.0,0.0,0.0,0.2,True,True,False,0.018315638888734165,20,380
exp52_user26_cut180,6,52,26,1,moving,50,"(1,)",0.21241830065359477,0.26,0.04758169934640524,0.04758169934640524,0.002264018112691701,0.012418300653594755,True,True,False,0.9846968820666838,18,306
exp52_user26_cut180,6,52,26,1,moving,100,"(0,)",0.4,0.39,-0.010000000000000009,0.010000000000000009,0.00010000000000000018,0.2,True,True,False,0.00033546262790251126,20,380
exp52_user26_cut180,6,52,26,1,moving,100,"(1,)",0.21241830065359477,0.2,-0.012418300653594755,0.012418300653594755,0.00015421419112307192,0.012418300653594755,True,False,True,0.9696279495518486,18,306
exp52_user26_cut180,6,52,26,1,moving,250,"(0,)",0.4,0.364,-0.03600000000000003,0.03600000000000003,0.0012960000000000022,0.2,True,True,False,2.0611536224385504e-09,20,380
exp52_user26_cut180,6,52,26,1,moving,250,"(1,)",0.21241830065359477,0.224,0.011581699346405239,0.011581699346405239,0.00013413575975052352,0.012418300653594755,True,True,False,0.9257907002222414,18,306
exp52_user26_cut180,6,52,26,1,moving,500,"(0,)",0.4,0.356,-0.04400000000000004,0.04400000000000004,0.0019360000000000035,0.2,True,True,False,4.248354255291559e-18,20,380
exp52_user26_cut180,6,52,26,1,moving,500,"(1,)",0.21241830065359477,0.208,-0.0044183006535947755,0.0044183006535947755,1.952138066555602e-05,0.012418300653594755,True,True,False,0.8570884206179881,18,306
exp52_user26_cut180,6,52,26,1,moving,1000,"(0,)",0.4,0.374,-0.026000000000000023,0.026000000000000023,0.0006760000000000013,0.2,True,True,False,1.8048513878453896e-35,20,380
exp52_user26_cut180,6,52,26,1,moving,1000,"(1,)",0.21241830065359477,0.203,-0.009418300653594752,0.009418300653594752,8.870438720150333e-05,0.012418300653594755,True,True,False,0.7346005607574372,18,306
exp43_user21_cut165,7,43,21,1,moving,25,"(0,)",0.11428571428571428,0.04,-0.07428571428571429,0.07428571428571429,0.005518367346938776,0.08571428571428573,False,False,False,0.6925693242051977,21,420
exp43_user21_cut165,7,43,21,1,moving,25,"(1,)",1.0,1.0,0.0,0.0,0.0,0.8,True,True,False,1.2664165549094086e-14,17,272
exp43_user21_cut165,7,43,21,1,moving,50,"(0,)",0.11428571428571428,0.08,-0.03428571428571428,0.03428571428571428,0.0011755102040816323,0.08571428571428573,False,False,False,0.4796522688300442,21,420
exp43_user21_cut165,7,43,21,1,moving,50,"(1,)",1.0,1.0,0.0,0.0,0.0,0.8,True,True,False,1.603810890548615e-28,17,272
exp43_user21_cut165,7,43,21,1,moving,100,"(0,)",0.11428571428571428,0.1,-0.014285714285714277,0.014285714285714277,0.00020408163265306096,0.08571428571428573,False,False,False,0.23006629899380895,21,420
exp43_user21_cut165,7,43,21,1,moving,100,"(1,)",1.0,1.0,0.0,0.0,0.0,0.8,True,True,False,2.572209372642342e-56,17,272
exp43_user21_cut165,7,43,21,1,moving,250,"(0,)",0.11428571428571428,0.116,0.0017142857142857237,0.0017142857142857237,2.9387755102041142e-06,0.08571428571428573,False,False,False,0.025388235342336776,21,420
exp43_user21_cut165,7,43,21,1,moving,250,"(1,)",1.0,1.0,0.0,0.0,0.0,0.8,True,True,False,1.0611231537462908e-139,17,272
exp43_user21_cut165,7,43,21,1,moving,500,"(0,)",0.11428571428571428,0.114,-0.00028571428571427804,0.00028571428571427804,8.16326530612201e-08,0.08571428571428573,False,False,False,0.000644562493797878,21,420
exp43_user21_cut165,7,43,21,1,moving,500,"(1,)",1.0,1.0,0.0,0.0,0.0,0.8,True,True,False,1.1259823474164743e-278,17,272
exp43_user21_cut165,7,43,21,1,moving,1000,"(0,)",0.11428571428571428,0.11,-0.004285714285714282,0.004285714285714282,1.8367346938775474e-05,0.08571428571428573,False,False,False,4.154608084109396e-07,21,420
exp43_user21_cut165,7,43,21,1,moving,1000,"(1,)",1.0,1.0,0.0,0.0,0.0,0.8,True,True,False,0.0,17,272
exp43_user21_cut198,8,43,21,1,moving,25,"(0,)",0.11904761904761904,0.2,0.08095238095238097,0.08095238095238097,0.006553287981859413,0.08095238095238097,False,False,False,0.7206048147591552,21,420
exp43_user21_cut198,8,43,21,1,moving,25,"(1,)",1.0,1.0,0.0,0.0,0.0,0.8,True,True,False,1.2664165549094086e-14,17,272
exp43_user21_cut198,8,43,21,1,moving,50,"(0,)",0.11904761904761904,0.18,0.06095238095238095,0.06095238095238095,0.003715192743764172,0.08095238095238097,False,False,False,0.5192712990540763,21,420
exp43_user21_cut198,8,43,21,1,moving,50,"(1,)",1.0,1.0,0.0,0.0,0.0,0.8,True,True,False,1.603810890548615e-28,17,272
exp43_user21_cut198,8,43,21,1,moving,100,"(0,)",0.11904761904761904,0.13,0.010952380952380963,0.010952380952380963,0.00011995464852607733,0.08095238095238097,False,False,False,0.2696426820213079,21,420
exp43_user21_cut198,8,43,21,1,moving,100,"(1,)",1.0,1.0,0.0,0.0,0.0,0.8,True,True,False,2.572209372642342e-56,17,272
exp43_user21_cut198,8,43,21,1,moving,250,"(0,)",0.11904761904761904,0.132,0.012952380952380965,0.012952380952380965,0.00016776417233560124,0.08095238095238097,False,False,False,0.037754749715271915,21,420
exp43_user21_cut198,8,43,21,1,moving,250,"(1,)",1.0,1.0,0.0,0.0,0.0,0.8,True,True,False,1.0611231537462908e-139,17,272
exp43_user21_cut198,8,43,21,1,moving,500,"(0,)",0.11904761904761904,0.124,0.004952380952380958,0.004952380952380958,2.4526077097505726e-05,0.08095238095238097,False,False,False,0.0014254211260628245,21,420
exp43_user21_cut198,8,43,21,1,moving,500,"(1,)",1.0,1.0,0.0,0.0,0.0,0.8,True,True,False,1.1259823474164743e-278,17,272
exp43_user21_cut198,8,43,21,1,moving,1000,"(0,)",0.11904761904761904,0.123,0.003952380952380957,0.003952380952380957,1.56213151927438e-05,0.08095238095238097,False,False,False,2.0318253866262108e-06,21,420
exp43_user21_cut198,8,43,21,1,moving,1000,"(1,)",1.0,1.0,0.0,0.0,0.0,0.8,True,True,False,0.0,17,272
exp48_user24_cut174,9,48,24,1,moving,25,"(0,)",0.10909090909090909,0.08,-0.029090909090909084,0.029090909090909084,0.0008462809917355368,0.09090909090909093,False,False,False,0.6615146556493745,11,110
exp48_user24_cut174,9,48,24,1,moving,25,"(1,)",0.9259259259259259,0.96,0.034074074074074034,0.034074074074074034,0.0011610425240054843,0.7259259259259259,True,True,False,3.6059981774443457e-12,27,702
exp48_user24_cut174,9,48,24,1,moving,50,"(0,)",0.10909090909090909,0.1,-0.00909090909090908,0.00909090909090908,8.264462809917336e-05,0.09090909090909093,False,False,False,0.4376016396389105,11,110
exp48_user24_cut174,9,48,24,1,moving,50,"(1,)",0.9259259259259259,0.92,-0.00592592592592589,0.00592592592592589,3.5116598079560615e-05,0.7259259259259259,True,True,False,1.3003222855731942e-23,27,702
exp48_user24_cut174,9,48,24,1,moving,100,"(0,)",0.10909090909090909,0.1,-0.00909090909090908,0.00909090909090908,8.264462809917336e-05,0.09090909090909093,False,False,False,0.19149519501466292,11,110
exp48_user24_cut174,9,48,24,1,moving,100,"(1,)",0.9259259259259259,0.94,0.014074074074074017,0.014074074074074017,0.0001980795610425224,0.7259259259259259,True,True,False,1.6908380463582955e-46,27,702
exp48_user24_cut174,9,48,24,1,moving,250,"(0,)",0.10909090909090909,0.108,-0.0010909090909090868,0.0010909090909090868,1.1900826446280904e-06,0.09090909090909093,False,False,False,0.016047031416947397,11,110
exp48_user24_cut174,9,48,24,1,moving,250,"(1,)",0.9259259259259259,0.924,-0.0019259259259258865,0.0019259259259258865,3.7091906721534833e-06,0.7259259259259259,True,True,False,3.7175346816734755e-115,27,702
exp48_user24_cut174,9,48,24,1,moving,500,"(0,)",0.10909090909090909,0.116,0.00690909090909092,0.00690909090909092,4.77355371900828e-05,0.09090909090909093,False,False,False,0.0002575072172964968,11,110
exp48_user24_cut174,9,48,24,1,moving,500,"(1,)",0.9259259259259259,0.918,-0.007925925925925892,0.007925925925925892,6.28203017832642e-05,0.7259259259259259,True,True,False,1.382006410944511e-229,27,702
exp48_user24_cut174,9,48,24,1,moving,1000,"(0,)",0.10909090909090909,0.111,0.0019090909090909158,0.0019090909090909158,3.6446280991735793e-06,0.09090909090909093,False,False,False,6.630996695978522e-08,11,110
exp48_user24_cut174,9,48,24,1,moving,1000,"(1,)",0.9259259259259259,0.929,0.003074074074074118,0.003074074074074118,9.449931412894645e-06,0.7259259259259259,True,True,False,0.0,27,702
exp53_user26_cut171,10,53,26,0,stationary,25,"(0,)",0.4090909090909091,0.36,-0.04909090909090913,0.04909090909090913,0.0024099173553719048,0.2090909090909091,True,True,False,0.11237088411256729,22,462
exp53_user26_cut171,10,53,26,0,stationary,25,"(1,)",0.22916666666666666,0.16,-0.06916666666666665,0.06916666666666665,0.004784027777777776,0.029166666666666646,True,False,True,0.9583571886519543,16,240
exp53_user26_cut171,10,53,26,0,stationary,50,"(0,)",0.4090909090909091,0.38,-0.02909090909090911,0.02909090909090911,0.0008462809917355385,0.2090909090909091,True,True,False,0.012627215596240027,22,462
exp53_user26_cut171,10,53,26,0,stationary,50,"(1,)",0.22916666666666666,0.18,-0.049166666666666664,0.049166666666666664,0.002417361111111111,0.029166666666666646,True,False,True,0.9184485010408775,16,240
exp53_user26_cut171,10,53,26,0,stationary,100,"(0,)",0.4090909090909091,0.43,0.020909090909090877,0.020909090909090877,0.00043719008264462677,0.2090909090909091,True,True,False,0.00015944657371392738,22,462
exp53_user26_cut171,10,53,26,0,stationary,100,"(1,)",0.22916666666666666,0.18,-0.049166666666666664,0.049166666666666664,0.002417361111111111,0.029166666666666646,True,False,True,0.8435476490642346,16,240
exp53_user26_cut171,10,53,26,0,stationary,250,"(0,)",0.4090909090909091,0.44,0.030909090909090886,0.030909090909090886,0.0009553719008264449,0.2090909090909091,True,True,False,3.2102435216571997e-10,22,462
exp53_user26_cut171,10,53,26,0,stationary,250,"(1,)",0.22916666666666666,0.176,-0.05316666666666667,0.05316666666666667,0.0028266944444444446,0.029166666666666646,True,False,True,0.6535428211379842,16,240
exp53_user26_cut171,10,53,26,0,stationary,500,"(0,)",0.4090909090909091,0.408,-0.0010909090909091423,0.0010909090909091423,1.1900826446282115e-06,0.2090909090909091,True,True,False,1.030566346834202e-19,22,462
exp53_user26_cut171,10,53,26,0,stationary,500,"(1,)",0.22916666666666666,0.198,-0.031166666666666648,0.031166666666666648,0.0009713611111111099,0.029166666666666646,True,False,True,0.42711821906099523,16,240
exp53_user26_cut171,10,53,26,0,stationary,1000,"(0,)",0.4090909090909091,0.395,-0.014090909090909098,0.014090909090909098,0.00019855371900826468,0.2090909090909091,True,True,False,1.0620669952271926e-38,22,462
exp53_user26_cut171,10,53,26,0,stationary,1000,"(1,)",0.22916666666666666,0.226,-0.003166666666666651,0.003166666666666651,1.0027777777777678e-05,0.029166666666666646,True,True,False,0.18242997305383632,16,240
exp38_user19_cut183,11,38,19,0,stationary,25,"(0,)",0.43478260869565216,0.64,0.20521739130434785,0.20521739130434785,0.04211417769376183,0.23478260869565215,True,True,False,0.063536313696842,23,506
exp38_user19_cut183,11,38,19,0,stationary,25,"(1,)",0.20952380952380953,0.24,0.030476190476190462,0.030476190476190462,0.0009287981859410423,0.009523809523809518,True,True,False,0.9954751208601006,15,210
exp38_user19_cut183,11,38,19,0,stationary,50,"(0,)",0.43478260869565216,0.52,0.08521739130434786,0.08521739130434786,0.007262003780718342,0.23478260869565215,True,True,False,0.004036863158183511,23,506
exp38_user19_cut183,11,38,19,0,stationary,50,"(1,)",0.20952380952380953,0.22,0.010476190476190472,0.010476190476190472,0.00010975056689342395,0.009523809523809518,True,True,False,0.990970716251432,15,210
exp38_user19_cut183,11,38,19,0,stationary,100,"(0,)",0.43478260869565216,0.5,0.06521739130434784,0.06521739130434784,0.004253308128544425,0.23478260869565215,True,True,False,1.6296264157899355e-05,23,506
exp38_user19_cut183,11,38,19,0,stationary,100,"(1,)",0.20952380952380953,0.23,0.02047619047619048,0.02047619047619048,0.0004192743764172338,0.009523809523809518,True,True,False,0.982022960467876,15,210
exp38_user19_cut183,11,38,19,0,stationary,250,"(0,)",0.43478260869565216,0.488,0.05321739130434783,0.05321739130434783,0.0028320907372400756,0.23478260869565215,True,True,False,1.0720625855214093e-12,23,506
exp38_user19_cut183,11,38,19,0,stationary,250,"(1,)",0.20952380952380953,0.216,0.006476190476190469,0.006476190476190469,4.194104308390013e-05,0.009523809523809518,True,True,False,0.9556615326900152,15,210
exp38_user19_cut183,11,38,19,0,stationary,500,"(0,)",0.43478260869565216,0.45,0.01521739130434785,0.01521739130434785,0.00023156899810964154,0.23478260869565215,True,True,False,1.149318187274849e-24,23,506
exp38_user19_cut183,11,38,19,0,stationary,500,"(1,)",0.20952380952380953,0.212,0.002476190476190465,0.002476190476190465,6.131519274376363e-06,0.009523809523809518,True,True,False,0.913288965063429,15,210
exp38_user19_cut183,11,38,19,0,stationary,1000,"(0,)",0.43478260869565216,0.429,-0.005782608695652169,0.005782608695652169,3.343856332703208e-05,0.23478260869565215,True,True,False,1.3209322956007452e-48,23,506
exp38_user19_cut183,11,38,19,0,stationary,1000,"(1,)",0.20952380952380953,0.216,0.006476190476190469,0.006476190476190469,4.194104308390013e-05,0.009523809523809518,True,True,False,0.8340967337066293,15,210
exp38_user19_cut153,12,38,19,1,moving,25,"(0,)",0.0761904761904762,0.04,-0.036190476190476197,0.036190476190476197,0.0013097505668934245,0.12380952380952381,False,False,False,0.46466437448686,21,420
exp38_user19_cut153,12,38,19,1,moving,25,"(1,)",0.8823529411764706,0.92,0.03764705882352948,0.03764705882352948,0.0014173010380622887,0.6823529411764706,True,True,False,7.753615155863815e-11,17,272
exp38_user19_cut153,12,38,19,1,moving,50,"(0,)",0.0761904761904762,0.06,-0.0161904761904762,0.0161904761904762,0.00026213151927437673,0.12380952380952381,False,False,False,0.21591298091726488,21,420
exp38_user19_cut153,12,38,19,1,moving,50,"(1,)",0.8823529411764706,0.88,-0.0023529411764705577,0.0023529411764705577,5.536332179930652e-06,0.6823529411764706,True,True,False,6.0118547985241055e-21,17,272
exp38_user19_cut153,12,38,19,1,moving,100,"(0,)",0.0761904761904762,0.11,0.0338095238095238,0.0338095238095238,0.0011430839002267569,0.12380952380952381,False,False,False,0.04661841532857919,21,420
exp38_user19_cut153,12,38,19,1,moving,100,"(1,)",0.8823529411764706,0.87,-0.012352941176470567,0.012352941176470567,0.000152595155709342,0.6823529411764706,True,True,False,3.6142398118537314e-41,17,272
exp38_user19_cut153,12,38,19,1,moving,250,"(0,)",0.0761904761904762,0.056,-0.020190476190476196,0.020190476190476196,0.00040765532879818615,0.12380952380952381,False,False,False,0.00046923863937313107,21,420
exp38_user19_cut153,12,38,19,1,moving,250,"(1,)",0.8823529411764706,0.86,-0.022352941176470575,0.022352941176470575,0.0004996539792387537,0.6823529411764706,True,True,False,7.853123253095028e-102,17,272
exp38_user19_cut153,12,38,19,1,moving,500,"(0,)",0.0761904761904762,0.064,-0.012190476190476196,0.012190476190476196,0.00014860770975056703,0.12380952380952381,False,False,False,2.2018490068074732e-07,21,420
exp38_user19_cut153,12,38,19,1,moving,500,"(1,)",0.8823529411764706,0.864,-0.018352941176470572,0.018352941176470572,0.000336830449826989,0.6823529411764706,True,True,False,6.167154482830185e-203,17,272
exp38_user19_cut153,12,38,19,1,moving,1000,"(0,)",0.0761904761904762,0.069,-0.007190476190476192,0.007190476190476192,5.1702947845805005e-05,0.12380952380952381,False,False,False,4.8481390487790564e-14,21,420
exp38_user19_cut153,12,38,19,1,moving,1000,"(1,)",0.8823529411764706,0.875,-0.007352941176470562,0.007352941176470562,5.4065743944636294e-05,0.6823529411764706,True,True,False,0.0,17,272
exp51_user25_cut171,13,51,25,0,stationary,25,"(0,)",0.3888888888888889,0.4,0.011111111111111127,0.011111111111111127,0.00012345679012345715,0.18888888888888888,True,True,False,0.16797323675753362,18,306
exp51_user25_cut171,13,51,25,0,stationary,25,"(1,)",0.19736842105263158,0.2,0.0026315789473684292,0.0026315789473684292,6.92520775623273e-06,0.0026315789473684292,False,False,False,0.9996537995533978,20,380
exp51_user25_cut171,13,51,25,0,stationary,50,"(0,)",0.3888888888888889,0.44,0.05111111111111111,0.05111111111111111,0.0026123456790123453,0.18888888888888888,True,True,False,0.028215008266802448,18,306
exp51_user25_cut171,13,51,25,0,stationary,50,"(1,)",0.19736842105263158,0.14,-0.05736842105263157,0.05736842105263157,0.0032911357340720208,0.0026315789473684292,False,False,False,0.9993077189615449,20,380
exp51_user25_cut171,13,51,25,0,stationary,100,"(0,)",0.3888888888888889,0.45,0.061111111111111116,0.061111111111111116,0.0037345679012345686,0.18888888888888888,True,True,False,0.0007960866914957304,18,306
exp51_user25_cut171,13,51,25,0,stationary,100,"(1,)",0.19736842105263158,0.14,-0.05736842105263157,0.05736842105263157,0.0032911357340720208,0.0026315789473684292,False,False,False,0.998615917176126,20,380
exp51_user25_cut171,13,51,25,0,stationary,250,"(0,)",0.3888888888888889,0.384,-0.004888888888888887,0.004888888888888887,2.3901234567901216e-05,0.18888888888888888,True,True,False,1.7881374924045553e-08,18,306
exp51_user25_cut171,13,51,25,0,stationary,250,"(1,)",0.19736842105263158,0.204,0.006631578947368405,0.006631578947368405,4.3977839335179846e-05,0.0026315789473684292,False,True,True,0.9965433840214568,20,380
exp51_user25_cut171,13,51,25,0,stationary,500,"(0,)",0.3888888888888889,0.378,-0.010888888888888892,0.010888888888888892,0.00011856790123456798,0.18888888888888888,True,True,False,3.197435691742851e-16,18,306
exp51_user25_cut171,13,51,25,0,stationary,500,"(1,)",0.19736842105263158,0.204,0.006631578947368405,0.006631578947368405,4.3977839335179846e-05,0.0026315789473684292,False,True,True,0.9930987162369367,20,380
exp51_user25_cut171,13,51,25,0,stationary,1000,"(0,)",0.3888888888888889,0.389,0.00011111111111111738,0.00011111111111111738,1.2345679012347072e-08,0.18888888888888888,True,True,False,1.0223595002831082e-31,18,306
exp51_user25_cut171,13,51,25,0,stationary,1000,"(1,)",0.19736842105263158,0.203,0.005631578947368432,0.005631578947368432,3.1714681440443334e-05,0.0026315789473684292,False,True,True,0.9862450601914518,20,380
exp54_user27_cut171,14,54,27,1,moving,25,"(0,)",0.35,0.36,0.010000000000000009,0.010000000000000009,0.00010000000000000018,0.14999999999999997,True,True,False,0.32465246735834996,20,380
exp54_user27_cut171,14,54,27,1,moving,25,"(1,)",0.21241830065359477,0.2,-0.012418300653594755,0.012418300653594755,0.00015421419112307192,0.012418300653594755,True,False,True,0.992318941705077,18,306
exp54_user27_cut171,14,54,27,1,moving,50,"(0,)",0.35,0.42,0.07,0.07,0.004900000000000001,0.14999999999999997,True,True,False,0.10539922456186447,20,380
exp54_user27_cut171,14,54,27,1,moving,50,"(1,)",0.21241830065359477,0.22,0.007581699346405235,0.007581699346405235,5.748216497928157e-05,0.012418300653594755,True,True,False,0.9846968820666838,18,306
exp54_user27_cut171,14,54,27,1,moving,100,"(0,)",0.35,0.3,-0.04999999999999999,0.04999999999999999,0.0024999999999999988,0.14999999999999997,True,True,False,0.011108996538242336,20,380
exp54_user27_cut171,14,54,27,1,moving,100,"(1,)",0.21241830065359477,0.25,0.037581699346405234,0.037581699346405234,0.0014123841257635955,0.012418300653594755,True,True,False,0.9696279495518486,18,306
exp54_user27_cut171,14,54,27,1,moving,250,"(0,)",0.35,0.328,-0.021999999999999964,0.021999999999999964,0.00048399999999999843,0.14999999999999997,True,True,False,1.300729765406769e-05,20,380
exp54_user27_cut171,14,54,27,1,moving,250,"(1,)",0.21241830065359477,0.252,0.039581699346405236,0.039581699346405236,0.0015667109231492166,0.012418300653594755,True,True,False,0.9257907002222414,18,306
exp54_user27_cut171,14,54,27,1,moving,500,"(0,)",0.35,0.342,-0.007999999999999952,0.007999999999999952,6.399999999999922e-05,0.14999999999999997,True,True,False,1.6918979226151483e-10,20,380
exp54_user27_cut171,14,54,27,1,moving,500,"(1,)",0.21241830065359477,0.256,0.04358169934640524,0.04358169934640524,0.0018993645179204589,0.012418300653594755,True,True,False,0.8570884206179881,18,306
exp54_user27_cut171,14,54,27,1,moving,1000,"(0,)",0.35,0.33,-0.019999999999999962,0.019999999999999962,0.0003999999999999985,0.14999999999999997,True,True,False,2.8625185805494544e-20,20,380
exp54_user27_cut171,14,54,27,1,moving,1000,"(1,)",0.21241830065359477,0.226,0.01358169934640524,0.01358169934640524,0.00018446255713614455,0.012418300653594755,True,True,False,0.7346005607574372,18,306
exp38_user19_cut156,15,38,19,0,stationary,25,"(0,)",0.3684210526315789,0.48,0.11157894736842106,0.11157894736842106,0.012449861495844875,0.16842105263157892,True,True,False,0.2421295056924226,19,342
exp38_user19_cut156,15,38,19,0,stationary,25,"(1,)",0.2573099415204678,0.24,-0.01730994152046783,0.01730994152046783,0.00029963407544201614,0.05730994152046781,True,True,False,0.8485540719219542,19,342
exp38_user19_cut156,15,38,19,0,stationary,50,"(0,)",0.3684210526315789,0.5,0.13157894736842107,0.13157894736842107,0.017313019390581722,0.16842105263157892,True,True,False,0.0586266975268569,19,342
exp38_user19_cut156,15,38,19,0,stationary,50,"(1,)",0.2573099415204678,0.34,0.0826900584795322,0.0826900584795322,0.006837645771348455,0.05730994152046781,True,True,False,0.7200440129753289,19,342
exp38_user19_cut156,15,38,19,0,stationary,100,"(0,)",0.3684210526315789,0.44,0.07157894736842108,0.07157894736842108,0.005123545706371194,0.16842105263157892,True,True,False,0.003437089662905569,19,342
exp38_user19_cut156,15,38,19,0,stationary,100,"(1,)",0.2573099415204678,0.28,0.022690058479532205,0.022690058479532205,0.0005148387538045913,0.05730994152046781,True,True,False,0.5184633806216157,19,342
exp38_user19_cut156,15,38,19,0,stationary,250,"(0,)",0.3684210526315789,0.392,0.023578947368421088,0.023578947368421088,0.0005559667590027717,0.16842105263157892,True,True,False,6.925914950721258e-07,19,342
exp38_user19_cut156,15,38,19,0,stationary,250,"(1,)",0.2573099415204678,0.288,0.030690058479532156,0.030690058479532156,0.0009418796894771036,0.05730994152046781,True,True,False,0.19355091034884184,19,342
exp38_user19_cut156,15,38,19,0,stationary,500,"(0,)",0.3684210526315789,0.368,-0.00042105263157893313,0.00042105263157893313,1.772853185595448e-07,0.16842105263157892,True,True,False,4.796829790462425e-13,19,342
exp38_user19_cut156,15,38,19,0,stationary,500,"(1,)",0.2573099415204678,0.274,0.0166900584795322,0.0166900584795322,0.0002785580520502047,0.05730994152046781,True,True,False,0.03746195489686541,19,342
exp38_user19_cut156,15,38,19,0,stationary,1000,"(0,)",0.3684210526315789,0.369,0.0005789473684210678,0.0005789473684210678,3.3518005540167954e-07,0.16842105263157892,True,True,False,2.3009576038667792e-25,19,342
exp38_user19_cut156,15,38,19,0,stationary,1000,"(1,)",0.2573099415204678,0.281,0.023690058479532206,0.023690058479532206,0.0005612188707636558,0.05730994152046781,True,True,False,0.0014033980646947783,19,342
exp33_user16_cut150,16,33,16,1,moving,25,"(0,)",0.44,0.44,0.0,0.0,0.0,0.24,True,True,False,0.056134762834133725,25,600
exp33_user16_cut150,16,33,16,1,moving,25,"(1,)",0.23076923076923078,0.2,-0.03076923076923077,0.03076923076923077,0.0009467455621301776,0.03076923076923077,True,False,True,0.953765659060199,13,156
exp33_user16_cut150,16,33,16,1,moving,50,"(0,)",0.44,0.4,-0.03999999999999998,0.03999999999999998,0.0015999999999999983,0.24,True,True,False,0.0031511115984444414,25,600
exp33_user16_cut150,16,33,16,1,moving,50,"(1,)",0.23076923076923078,0.32,0.08923076923076922,0.08923076923076922,0.007962130177514792,0.03076923076923077,True,True,False,0.9096689324025358,13,156
exp33_user16_cut150,16,33,16,1,moving,100,"(0,)",0.44,0.41,-0.030000000000000027,0.030000000000000027,0.0009000000000000016,0.24,True,True,False,9.929504305851081e-06,25,600
exp33_user16_cut150,16,33,16,1,moving,100,"(1,)",0.23076923076923078,0.23,-0.000769230769230772,0.000769230769230772,5.917159763313652e-07,0.03076923076923077,True,True,False,0.8274975665783691,13,156
exp33_user16_cut150,16,33,16,1,moving,250,"(0,)",0.44,0.468,0.028000000000000025,0.028000000000000025,0.0007840000000000014,0.24,True,True,False,3.1068402375434455e-13,25,600
exp33_user16_cut150,16,33,16,1,moving,250,"(1,)",0.23076923076923078,0.22,-0.010769230769230781,0.010769230769230781,0.000115976331360947,0.03076923076923077,True,True,False,0.6228978233775161,13,156
exp33_user16_cut150,16,33,16,1,moving,500,"(0,)",0.44,0.438,-0.0020000000000000018,0.0020000000000000018,4.0000000000000074e-06,0.24,True,True,False,9.652456261619012e-26,25,600
exp33_user16_cut150,16,33,16,1,moving,500,"(1,)",0.23076923076923078,0.246,0.015230769230769214,0.015230769230769214,0.00023197633136094625,0.03076923076923077,True,True,False,0.3880016983684473,13,156
exp33_user16_cut150,16,33,16,1,moving,1000,"(0,)",0.44,0.436,-0.0040000000000000036,0.0040000000000000036,1.600000000000003e-05,0.24,True,True,False,9.316991188246808e-51,25,600
exp33_user16_cut150,16,33,16,1,moving,1000,"(1,)",0.23076923076923078,0.209,-0.02176923076923079,0.02176923076923079,0.0004738994082840246,0.03076923076923077,True,True,False,0.1505453179367995,13,156
exp32_user16_cut159,17,32,16,1,moving,25,"(0,)",0.11029411764705882,0.16,0.04970588235294118,0.04970588235294118,0.00247067474048443,0.08970588235294119,False,False,False,0.6687417840126257,17,272
exp32_user16_cut159,17,32,16,1,moving,25,"(1,)",0.9523809523809523,0.92,-0.03238095238095229,0.03238095238095229,0.0010485260770974998,0.7523809523809524,True,True,False,5.10260571437009e-13,21,420
exp32_user16_cut159,17,32,16,1,moving,50,"(0,)",0.11029411764705882,0.12,0.009705882352941175,0.009705882352941175,9.420415224913492e-05,0.08970588235294119,False,False,False,0.4472155736843893,17,272
exp32_user16_cut159,17,32,16,1,moving,50,"(1,)",0.9523809523809523,0.94,-0.012380952380952381,0.012380952380952381,0.00015328798185941045,0.7523809523809524,True,True,False,2.603658507632229e-25,21,420
exp32_user16_cut159,17,32,16,1,moving,100,"(0,)",0.11029411764705882,0.15,0.039705882352941174,0.039705882352941174,0.0015765570934256053,0.08970588235294119,False,False,False,0.20000176934585745,17,272
exp32_user16_cut159,17,32,16,1,moving,100,"(1,)",0.9523809523809523,0.93,-0.02238095238095228,0.02238095238095228,0.0005009070294784535,0.7523809523809524,True,True,False,6.779037624365688e-50,21,420
exp32_user16_cut159,17,32,16,1,moving,250,"(0,)",0.11029411764705882,0.132,0.021705882352941186,0.021705882352941186,0.0004711453287197236,0.08970588235294119,False,False,False,0.017888939460384695,17,272
exp32_user16_cut159,17,32,16,1,moving,250,"(1,)",0.9523809523809523,0.948,-0.004380952380952374,0.004380952380952374,1.9192743764172275e-05,0.7523809523809524,True,True,False,1.1965204089545676e-123,21,420
exp32_user16_cut159,17,32,16,1,moving,500,"(0,)",0.11029411764705882,0.13,0.019705882352941184,0.019705882352941184,0.0003883217993079588,0.08970588235294119,False,False,False,0.0003200141550173087,17,272
exp32_user16_cut159,17,32,16,1,moving,500,"(1,)",0.9523809523809523,0.96,0.007619047619047636,0.007619047619047636,5.8049886621315455e-05,0.7523809523809524,True,True,False,1.431661089044806e-246,21,420
exp32_user16_cut159,17,32,16,1,moving,1000,"(0,)",0.11029411764705882,0.123,0.012705882352941178,0.012705882352941178,0.00016143944636678203,0.08970588235294119,False,False,False,1.0240905941144209e-07,17,272
exp32_user16_cut159,17,32,16,1,moving,1000,"(1,)",0.9523809523809523,0.951,-0.0013809523809523716,0.0013809523809523716,1.907029478458024e-06,0.7523809523809524,True,True,False,0.0,21,420
exp43_user21_cut195,18,43,21,0,stationary,25,"(0,)",0.5217391304347826,0.44,-0.08173913043478259,0.08173913043478259,0.006681285444234402,0.3217391304347826,True,True,False,0.005651674519245539,23,506
exp43_user21_cut195,18,43,21,0,stationary,25,"(1,)",0.20952380952380953,0.2,-0.009523809523809518,0.009523809523809518,9.070294784580487e-05,0.009523809523809518,True,False,True,0.9954751208601006,15,210
exp43_user21_cut195,18,43,21,0,stationary,50,"(0,)",0.5217391304347826,0.46,-0.061739130434782574,0.061739130434782574,0.0038117202268430957,0.3217391304347826,True,True,False,3.1941424871489293e-05,23,506
exp43_user21_cut195,18,43,21,0,stationary,50,"(1,)",0.20952380952380953,0.16,-0.049523809523809526,0.049523809523809526,0.0024526077097505672,0.009523809523809518,True,False,True,0.990970716251432,15,210
exp43_user21_cut195,18,43,21,0,stationary,100,"(0,)",0.5217391304347826,0.46,-0.061739130434782574,0.061739130434782574,0.0038117202268430957,0.3217391304347826,True,True,False,1.0202546228209946e-09,23,506
exp43_user21_cut195,18,43,21,0,stationary,100,"(1,)",0.20952380952380953,0.22,0.010476190476190472,0.010476190476190472,0.00010975056689342395,0.009523809523809518,True,True,False,0.982022960467876,15,210
exp43_user21_cut195,18,43,21,0,stationary,250,"(0,)",0.5217391304347826,0.52,-0.0017391304347825765,0.0017391304347825765,3.0245746691870335e-06,0.3217391304347826,True,True,False,3.324845185919195e-23,23,506
exp43_user21_cut195,18,43,21,0,stationary,250,"(1,)",0.20952380952380953,0.204,-0.005523809523809542,0.005523809523809542,3.0512471655329e-05,0.009523809523809518,True,True,False,0.9556615326900152,15,210
exp43_user21_cut195,18,43,21,0,stationary,500,"(0,)",0.5217391304347826,0.544,0.022260869565217445,0.022260869565217445,0.0004955463137996243,0.3217391304347826,True,True,False,1.1054595510330045e-45,23,506
exp43_user21_cut195,18,43,21,0,stationary,500,"(1,)",0.20952380952380953,0.194,-0.015523809523809523,0.015523809523809523,0.00024098866213151924,0.009523809523809518,True,False,True,0.913288965063429,15,210
exp43_user21_cut195,18,43,21,0,stationary,1000,"(0,)",0.5217391304347826,0.531,0.009260869565217433,0.009260869565217433,8.576370510397053e-05,0.3217391304347826,True,True,False,1.2220408189700918e-90,23,506
exp43_user21_cut195,18,43,21,0,stationary,1000,"(1,)",0.20952380952380953,0.212,0.002476190476190465,0.002476190476190465,6.131519274376363e-06,0.009523809523809518,True,True,False,0.8340967337066293,15,210
exp51_user25_cut156,19,51,25,0,stationary,25,"(0,)",0.47058823529411764,0.48,0.009411764705882342,0.009411764705882342,8.858131487889252e-05,0.27058823529411763,True,True,False,0.025709372779423287,17,272
exp51_user25_cut156,19,51,25,0,stationary,25,"(1,)",0.19047619047619047,0.16,-0.030476190476190462,0.030476190476190462,0.0009287981859410423,0.009523809523809545,False,False,False,0.9954751208601006,21,420
exp51_user25_cut156,19,51,25,0,stationary,50,"(0,)",0.47058823529411764,0.4,-0.07058823529411762,0.07058823529411762,0.0049826989619377125,0.27058823529411763,True,True,False,0.0006609718487113511,17,272
exp51_user25_cut156,19,51,25,0,stationary,50,"(1,)",0.19047619047619047,0.12,-0.07047619047619047,0.07047619047619047,0.00496689342403628,0.009523809523809545,False,False,False,0.9909707162514318,21,420
exp51_user25_cut156,19,51,25,0,stationary,100,"(0,)",0.47058823529411764,0.43,-0.04058823529411765,0.04058823529411765,0.0016474048442906575,0.27058823529411763,True,True,False,4.3688378478890123e-07,17,272
exp51_user25_cut156,19,51,25,0,stationary,100,"(1,)",0.19047619047619047,0.14,-0.05047619047619045,0.05047619047619045,0.00254784580498866,0.009523809523809545,False,False,False,0.9820229604678758,21,420
exp51_user25_cut156,19,51,25,0,stationary,250,"(0,)",0.47058823529411764,0.444,-0.026588235294117635,0.026588235294117635,0.0007069342560553627,0.27058823529411763,True,True,False,1.2615800560854875e-16,17,272
exp51_user25_cut156,19,51,25,0,stationary,250,"(1,)",0.19047619047619047,0.172,-0.01847619047619048,0.01847619047619048,0.0003413696145124718,0.009523809523809545,False,False,False,0.955661532690015,21,420
exp51_user25_cut156,19,51,25,0,stationary,500,"(0,)",0.47058823529411764,0.47,-0.0005882352941176672,0.0005882352941176672,3.460207612456984e-07,0.27058823529411763,True,True,False,1.591584237912662e-32,17,272
exp51_user25_cut156,19,51,25,0,stationary,500,"(1,)",0.19047619047619047,0.172,-0.01847619047619048,0.01847619047619048,0.0003413696145124718,0.009523809523809545,False,False,False,0.9132889650634285,21,420
exp51_user25_cut156,19,51,25,0,stationary,1000,"(0,)",0.47058823529411764,0.478,0.00741176470588234,0.00741176470588234,5.493425605536313e-05,0.27058823529411763,True,True,False,2.5331403863720293e-64,17,272
exp51_user25_cut156,19,51,25,0,stationary,1000,"(1,)",0.19047619047619047,0.195,0.004523809523809541,0.004523809523809541,2.0464852607709907e-05,0.009523809523809545,False,False,False,0.8340967337066284,21,420
exp60_user30_cut162,20,60,30,1,moving,25,"(0,)",0.14285714285714285,0.2,0.05714285714285716,0.05714285714285716,0.003265306122448982,0.05714285714285716,False,False,False,0.8493658165683123,22,462
exp60_user30_cut162,20,60,30,1,moving,25,"(1,)",0.8125,0.76,-0.05249999999999999,0.05249999999999999,0.002756249999999999,0.6125,True,True,False,7.138147842919345e-09,16,240
exp60_user30_cut162,20,60,30,1,moving,50,"(0,)",0.14285714285714285,0.22,0.07714285714285715,0.07714285714285715,0.005951020408163267,0.05714285714285716,False,True,True,0.721422290354756,22,462
exp60_user30_cut162,20,60,30,1,moving,50,"(1,)",0.8125,0.78,-0.03249999999999997,0.03249999999999997,0.0010562499999999982,0.6125,True,True,False,5.0953154627374094e-17,16,240
exp60_user30_cut162,20,60,30,1,moving,100,"(0,)",0.14285714285714285,0.19,0.04714285714285715,0.04714285714285715,0.002222448979591838,0.05714285714285716,False,False,False,0.5204501210207019,22,462
exp60_user30_cut162,20,60,30,1,moving,100,"(1,)",0.8125,0.8,-0.012499999999999956,0.012499999999999956,0.0001562499999999989,0.6125,True,True,False,2.596223966481094e-33,16,240
exp60_user30_cut162,20,60,30,1,moving,250,"(0,)",0.14285714285714285,0.18,0.037142857142857144,0.037142857142857144,0.001379591836734694,0.05714285714285716,False,False,False,0.19541044990972595,22,462
exp60_user30_cut162,20,60,30,1,moving,250,"(1,)",0.8125,0.8,-0.012499999999999956,0.012499999999999956,0.0001562499999999989,0.6125,True,True,False,3.434435675302076e-82,16,240
exp60_user30_cut162,20,60,30,1,moving,500,"(0,)",0.14285714285714285,0.174,0.03114285714285714,0.03114285714285714,0.0009698775510204079,0.05714285714285716,False,False,False,0.03818524393392151,22,462
exp60_user30_cut162,20,60,30,1,moving,500,"(1,)",0.8125,0.82,0.007499999999999951,0.007499999999999951,5.624999999999927e-05,0.6125,True,True,False,1.1795348407787623e-163,16,240
exp60_user30_cut162,20,60,30,1,moving,1000,"(0,)",0.14285714285714285,0.164,0.021142857142857158,0.021142857142857158,0.00044702040816326595,0.05714285714285716,False,False,False,0.0014581128542930895,22,462
exp60_user30_cut162,20,60,30,1,moving,1000,"(1,)",0.8125,0.827,0.014499999999999957,0.014499999999999957,0.00021024999999999877,0.6125,True,True,False,0.0,16,240
exp33_user16_cut177,21,33,16,1,moving,25,"(0,)",0.09523809523809523,0.12,0.024761904761904763,0.024761904761904763,0.0006131519274376418,0.10476190476190478,False,False,False,0.5776698111849627,21,420
exp33_user16_cut177,21,33,16,1,moving,25,"(1,)",0.8823529411764706,0.92,0.03764705882352948,0.03764705882352948,0.0014173010380622887,0.6823529411764706,True,True,False,7.753615155863815e-11,17,272
exp33_user16_cut177,21,33,16,1,moving,50,"(0,)",0.09523809523809523,0.06,-0.035238095238095235,0.035238095238095235,0.00124172335600907,0.10476190476190478,False,False,False,0.33370241075447055,21,420
exp33_user16_cut177,21,33,16,1,moving,50,"(1,)",0.8823529411764706,0.88,-0.0023529411764705577,0.0023529411764705577,5.536332179930652e-06,0.6823529411764706,True,True,False,6.0118547985241055e-21,17,272
exp33_user16_cut177,21,33,16,1,moving,100,"(0,)",0.09523809523809523,0.07,-0.025238095238095226,0.025238095238095226,0.000636961451247165,0.10476190476190478,False,False,False,0.1113572989433454,21,420
exp33_user16_cut177,21,33,16,1,moving,100,"(1,)",0.8823529411764706,0.87,-0.012352941176470567,0.012352941176470567,0.000152595155709342,0.6823529411764706,True,True,False,3.6142398118537314e-41,17,272
exp33_user16_cut177,21,33,16,1,moving,250,"(0,)",0.09523809523809523,0.092,-0.0032380952380952344,0.0032380952380952344,1.0485260770975033e-05,0.10476190476190478,False,False,False,0.00413805940136497,21,420
exp33_user16_cut177,21,33,16,1,moving,250,"(1,)",0.8823529411764706,0.836,-0.0463529411764706,0.0463529411764706,0.0021485951557093435,0.6823529411764706,True,True,False,7.853123253095028e-102,17,272
exp33_user16_cut177,21,33,16,1,moving,500,"(0,)",0.09523809523809523,0.106,0.010761904761904764,0.010761904761904764,0.00011581859410430844,0.10476190476190478,False,False,False,1.7123535609225014e-05,21,420
exp33_user16_cut177,21,33,16,1,moving,500,"(1,)",0.8823529411764706,0.878,-0.0043529411764705594,0.0043529411764705594,1.89480968858129e-05,0.6823529411764706,True,True,False,6.167154482830185e-203,17,272
exp33_user16_cut177,21,33,16,1,moving,1000,"(0,)",0.09523809523809523,0.101,0.005761904761904774,0.005761904761904774,3.3199546485260905e-05,0.10476190476190478,False,False,False,2.93215471760397e-10,21,420
exp33_user16_cut177,21,33,16,1,moving,1000,"(1,)",0.8823529411764706,0.887,0.0046470588235294485,0.0046470588235294485,2.1595155709342903e-05,0.6823529411764706,True,True,False,0.0,17,272
exp51_user25_cut150,22,51,25,0,stationary,25,"(0,)",0.5294117647058824,0.4,-0.12941176470588234,0.12941176470588234,0.016747404844290652,0.32941176470588235,True,True,False,0.004402399541650948,17,272
exp51_user25_cut150,22,51,25,0,stationary,25,"(1,)",0.19047619047619047,0.16,-0.030476190476190462,0.030476190476190462,0.0009287981859410423,0.009523809523809545,False,False,False,0.9954751208601006,21,420
exp51_user25_cut150,22,51,25,0,stationary,50,"(0,)",0.5294117647058824,0.52,-0.009411764705882342,0.009411764705882342,8.858131487889252e-05,0.32941176470588235,True,True,False,1.9381121724328475e-05,17,272
exp51_user25_cut150,22,51,25,0,stationary,50,"(1,)",0.19047619047619047,0.16,-0.030476190476190462,0.030476190476190462,0.0009287981859410423,0.009523809523809545,False,False,False,0.9909707162514318,21,420
exp51_user25_cut150,22,51,25,0,stationary,100,"(0,)",0.5294117647058824,0.5,-0.02941176470588236,0.02941176470588236,0.0008650519031141872,0.32941176470588235,True,True,False,3.756278792932372e-10,17,272
exp51_user25_cut150,22,51,25,0,stationary,100,"(1,)",0.19047619047619047,0.2,0.009523809523809545,0.009523809523809545,9.07029478458054e-05,0.009523809523809545,False,False,False,0.9820229604678758,21,420
exp51_user25_cut150,22,51,25,0,stationary,250,"(0,)",0.5294117647058824,0.544,0.01458823529411768,0.01458823529411768,0.00021281660899654075,0.32941176470588235,True,True,False,2.7346046369077832e-24,17,272
exp51_user25_cut150,22,51,25,0,stationary,250,"(1,)",0.19047619047619047,0.176,-0.014476190476190476,0.014476190476190476,0.00020956009070294783,0.009523809523809545,False,False,False,0.955661532690015,21,420
exp51_user25_cut150,22,51,25,0,stationary,500,"(0,)",0.5294117647058824,0.542,0.012588235294117678,0.012588235294117678,0.00015846366782006999,0.32941176470588235,True,True,False,7.478062520197549e-48,17,272
exp51_user25_cut150,22,51,25,0,stationary,500,"(1,)",0.19047619047619047,0.18,-0.010476190476190472,0.010476190476190472,0.00010975056689342395,0.009523809523809545,False,False,False,0.9132889650634285,21,420
exp51_user25_cut150,22,51,25,0,stationary,1000,"(0,)",0.5294117647058824,0.516,-0.013411764705882345,0.013411764705882345,0.00017987543252595136,0.32941176470588235,True,True,False,5.592141905598331e-95,17,272
exp51_user25_cut150,22,51,25,0,stationary,1000,"(1,)",0.19047619047619047,0.189,-0.0014761904761904643,0.0014761904761904643,2.1791383219954297e-06,0.009523809523809545,False,False,False,0.8340967337066284,21,420
exp32_user16_cut156,23,32,16,0,stationary,25,"(0,)",0.3684210526315789,0.36,-0.00842105263157894,0.00842105263157894,7.09141274238226e-05,0.16842105263157892,True,True,False,0.2421295056924226,19,342
exp32_user16_cut156,23,32,16,0,stationary,25,"(1,)",0.2046783625730994,0.2,-0.004678362573099393,0.004678362573099393,2.1887076365377173e-05,0.004678362573099393,True,False,True,0.9989062447684958,19,342
exp32_user16_cut156,23,32,16,0,stationary,50,"(0,)",0.3684210526315789,0.28,-0.0884210526315789,0.0884210526315789,0.007818282548476446,0.16842105263157892,True,True,False,0.0586266975268569,19,342
exp32_user16_cut156,23,32,16,0,stationary,50,"(1,)",0.2046783625730994,0.18,-0.02467836257309941,0.02467836257309941,0.0006090215792893537,0.004678362573099393,True,False,True,0.997813685837498,19,342
exp32_user16_cut156,23,32,16,0,stationary,100,"(0,)",0.3684210526315789,0.35,-0.01842105263157895,0.01842105263157895,0.0003393351800554017,0.16842105263157892,True,True,False,0.003437089662905569,19,342
exp32_user16_cut156,23,32,16,0,stationary,100,"(1,)",0.2046783625730994,0.2,-0.004678362573099393,0.004678362573099393,2.1887076365377173e-05,0.004678362573099393,True,False,True,0.9956321516446132,19,342
exp32_user16_cut156,23,32,16,0,stationary,250,"(0,)",0.3684210526315789,0.332,-0.03642105263157891,0.03642105263157891,0.001326493074792241,0.16842105263157892,True,True,False,6.925914950721258e-07,19,342
exp32_user16_cut156,23,32,16,0,stationary,250,"(1,)",0.2046783625730994,0.224,0.0193216374269006,0.0193216374269006,0.0003733256728566061,0.004678362573099393,True,True,False,0.9891161244926994,19,342
exp32_user16_cut156,23,32,16,0,stationary,500,"(0,)",0.3684210526315789,0.368,-0.00042105263157893313,0.00042105263157893313,1.772853185595448e-07,0.16842105263157892,True,True,False,4.796829790462425e-13,19,342
exp32_user16_cut156,23,32,16,0,stationary,500,"(1,)",0.2046783625730994,0.22,0.015321637426900597,0.015321637426900597,0.00023475257344140115,0.004678362573099393,True,True,False,0.9783507077314573,19,342
exp32_user16_cut156,23,32,16,0,stationary,1000,"(0,)",0.3684210526315789,0.37,0.0015789473684210686,0.0015789473684210686,2.493074792243818e-06,0.16842105263157892,True,True,False,2.3009576038667792e-25,19,342
exp32_user16_cut156,23,32,16,0,stationary,1000,"(1,)",0.2046783625730994,0.216,0.011321637426900594,0.011321637426900594,0.0001281794740261963,0.004678362573099393,True,True,False,0.9571701073186433,19,342
exp33_user16_cut156,24,33,16,0,stationary,25,"(0,)",0.45454545454545453,0.6,0.14545454545454545,0.14545454545454545,0.021157024793388428,0.2545454545454545,True,True,False,0.03917684398136181,22,462
exp33_user16_cut156,24,33,16,0,stationary,25,"(1,)",0.22916666666666666,0.32,0.09083333333333335,0.09083333333333335,0.008250694444444448,0.029166666666666646,True,True,False,0.9583571886519543,16,240
exp33_user16_cut156,24,33,16,0,stationary,50,"(0,)",0.45454545454545453,0.54,0.0854545454545455,0.0854545454545455,0.007302479338842984,0.2545454545454545,True,True,False,0.0015348251043399651,22,462
exp33_user16_cut156,24,33,16,0,stationary,50,"(1,)",0.22916666666666666,0.28,0.05083333333333337,0.05083333333333337,0.0025840277777777814,0.029166666666666646,True,True,False,0.9184485010408775,16,240
exp33_user16_cut156,24,33,16,0,stationary,100,"(0,)",0.45454545454545453,0.49,0.03545454545454546,0.03545454545454546,0.0012570247933884303,0.2545454545454545,True,True,False,2.355688100912185e-06,22,462
exp33_user16_cut156,24,33,16,0,stationary,100,"(1,)",0.22916666666666666,0.2,-0.029166666666666646,0.029166666666666646,0.0008506944444444433,0.029166666666666646,True,False,True,0.8435476490642346,16,240
exp33_user16_cut156,24,33,16,0,stationary,250,"(0,)",0.45454545454545453,0.48,0.025454545454545452,0.025454545454545452,0.0006479338842975206,0.2545454545454545,True,True,False,8.517153425561401e-15,22,462
exp33_user16_cut156,24,33,16,0,stationary,250,"(1,)",0.22916666666666666,0.208,-0.021166666666666667,0.021166666666666667,0.00044802777777777777,0.029166666666666646,True,True,False,0.6535428211379842,16,240
exp33_user16_cut156,24,33,16,0,stationary,500,"(0,)",0.45454545454545453,0.468,0.013454545454545497,0.013454545454545497,0.0001810247933884309,0.2545454545454545,True,True,False,7.25419024745523e-29,22,462
exp33_user16_cut156,24,33,16,0,stationary,500,"(1,)",0.22916666666666666,0.232,0.0028333333333333544,0.0028333333333333544,8.027777777777897e-06,0.029166666666666646,True,True,False,0.42711821906099523,16,240
exp33_user16_cut156,24,33,16,0,stationary,1000,"(0,)",0.45454545454545453,0.472,0.017454545454545445,0.017454545454545445,0.00030466115702479303,0.2545454545454545,True,True,False,5.262327614627457e-57,22,462
exp33_user16_cut156,24,33,16,0,stationary,1000,"(1,)",0.22916666666666666,0.236,0.00683333333333333,0.00683333333333333,4.66944444444444e-05,0.029166666666666646,True,True,False,0.18242997305383632,16,240
exp25_user12_cut150,25,25,12,1,moving,25,"(0,)",0.5714285714285714,0.6,0.02857142857142858,0.02857142857142858,0.0008163265306122455,0.3714285714285714,True,True,False,0.0010098442341126832,21,420
exp25_user12_cut150,25,25,12,1,moving,25,"(1,)",0.22058823529411764,0.12,-0.10058823529411764,0.10058823529411764,0.010117993079584775,0.02058823529411763,True,False,True,0.9790292381005904,17,272
exp25_user12_cut150,25,25,12,1,moving,50,"(0,)",0.5714285714285714,0.6,0.02857142857142858,0.02857142857142858,0.0008163265306122455,0.3714285714285714,True,True,False,1.0197853771706318e-06,21,420
exp25_user12_cut150,25,25,12,1,moving,50,"(1,)",0.22058823529411764,0.12,-0.10058823529411764,0.10058823529411764,0.010117993079584775,0.02058823529411763,True,False,True,0.9584982490558226,17,272
exp25_user12_cut150,25,25,12,1,moving,100,"(0,)",0.5714285714285714,0.62,0.0485714285714286,0.0485714285714286,0.0023591836734693904,0.3714285714285714,True,True,False,1.039962215491048e-12,21,420
exp25_user12_cut150,25,25,12,1,moving,100,"(1,)",0.22058823529411764,0.21,-0.010588235294117648,0.010588235294117648,0.00011211072664359864,0.02058823529411763,True,True,False,0.9187188934430777,17,272
exp25_user12_cut150,25,25,12,1,moving,250,"(0,)",0.5714285714285714,0.588,0.01657142857142857,0.01657142857142857,0.00027461224489795915,0.3714285714285714,True,True,False,1.1029197186570764e-30,21,420
exp25_user12_cut150,25,25,12,1,moving,250,"(1,)",0.22058823529411764,0.204,-0.016588235294117654,0.016588235294117654,0.0002751695501730106,0.02058823529411763,True,True,False,0.8090150844801116,17,272
exp25_user12_cut150,25,25,12,1,moving,500,"(0,)",0.5714285714285714,0.578,0.006571428571428561,0.006571428571428561,4.318367346938762e-05,0.3714285714285714,True,True,False,1.2164319058026047e-60,21,420
exp25_user12_cut150,25,25,12,1,moving,500,"(1,)",0.22058823529411764,0.228,0.007411764705882368,0.007411764705882368,5.4934256055363544e-05,0.02058823529411763,True,True,False,0.654505406916362,17,272
exp25_user12_cut150,25,25,12,1,moving,1000,"(0,)",0.5714285714285714,0.575,0.0035714285714285587,0.0035714285714285587,1.2755102040816236e-05,0.3714285714285714,True,True,False,1.4797065814545567e-120,21,420
exp25_user12_cut150,25,25,12,1,moving,1000,"(1,)",0.22058823529411764,0.245,0.024411764705882355,0.024411764705882355,0.0005959342560553634,0.02058823529411763,True,True,False,0.4283773276827527,17,272
exp36_user18_cut153,26,36,18,0,stationary,25,"(0,)",0.15151515151515152,0.16,0.008484848484848484,0.008484848484848484,7.199265381083562e-05,0.04848484848484849,False,False,False,0.8891058122658415,12,132
exp36_user18_cut153,26,36,18,0,stationary,25,"(1,)",0.8846153846153846,0.84,-0.04461538461538461,0.04461538461538461,0.001990532544378698,0.6846153846153846,True,True,False,6.642741669699702e-11,26,650
exp36_user18_cut153,26,36,18,0,stationary,50,"(0,)",0.15151515151515152,0.2,0.04848484848484849,0.04848484848484849,0.002350780532598715,0.04848484848484849,False,False,False,0.7905091454049019,12,132
exp36_user18_cut153,26,36,18,0,stationary,50,"(1,)",0.8846153846153846,0.88,-0.004615384615384577,0.004615384615384577,2.1301775147928637e-05,0.6846153846153846,True,True,False,4.4126016890364786e-21,26,650
exp36_user18_cut153,26,36,18,0,stationary,100,"(0,)",0.15151515151515152,0.18,0.028484848484848474,0.028484848484848474,0.0008113865932047744,0.04848484848484849,False,False,False,0.6249047089687884,12,132
exp36_user18_cut153,26,36,18,0,stationary,100,"(1,)",0.8846153846153846,0.9,0.015384615384615441,0.015384615384615441,0.0002366863905325461,0.6846153846153846,True,True,False,1.9471053666087584e-41,26,650
exp36_user18_cut153,26,36,18,0,stationary,250,"(0,)",0.15151515151515152,0.152,0.00048484848484847687,0.00048484848484847687,2.3507805325986372e-07,0.04848484848484849,False,False,False,0.30869848156235385,12,132
exp36_user18_cut153,26,36,18,0,stationary,250,"(1,)",0.8846153846153846,0.892,0.007384615384615434,0.007384615384615434,5.453254437869895e-05,0.6846153846153846,True,True,False,1.672914072497432e-102,26,650
exp36_user18_cut153,26,36,18,0,stationary,500,"(0,)",0.15151515151515152,0.154,0.0024848484848484786,0.0024848484848484786,6.17447199265378e-06,0.04848484848484849,False,False,False,0.09529475251890293,12,132
exp36_user18_cut153,26,36,18,0,stationary,500,"(1,)",0.8846153846153846,0.886,0.0013846153846154285,0.0013846153846154285,1.917159763313731e-06,0.6846153846153846,True,True,False,2.7986414939599428e-204,26,650
exp36_user18_cut153,26,36,18,0,stationary,1000,"(0,)",0.15151515151515152,0.163,0.011484848484848487,0.011484848484848487,0.0001319017447199266,0.04848484848484849,False,False,False,0.009081089857638957,12,132
exp36_user18_cut153,26,36,18,0,stationary,1000,"(1,)",0.8846153846153846,0.893,0.008384615384615435,0.008384615384615435,7.030177514792983e-05,0.6846153846153846,True,True,False,0.0,26,650
exp45_user22_cut150,27,45,22,1,moving,25,"(0,)",0.34615384615384615,0.2,-0.14615384615384613,0.14615384615384613,0.021360946745562125,0.14615384615384613,True,False,True,0.3436789517169686,26,650
exp45_user22_cut150,27,45,22,1,moving,25,"(1,)",0.26515151515151514,0.2,-0.06515151515151513,0.06515151515151513,0.004244719926538105,0.06515151515151513,True,False,True,0.8087738073948537,12,132
exp45_user22_cut150,27,45,22,1,moving,50,"(0,)",0.34615384615384615,0.26,-0.08615384615384614,0.08615384615384614,0.007422485207100589,0.14615384615384613,True,True,False,0.11811522185327444,26,650
exp45_user22_cut150,27,45,22,1,moving,50,"(1,)",0.26515151515151514,0.28,0.014848484848484889,0.014848484848484889,0.0002204775022956853,0.06515151515151513,True,True,False,0.654115071527968,12,132
exp45_user22_cut150,27,45,22,1,moving,100,"(0,)",0.34615384615384615,0.29,-0.056153846153846165,0.056153846153846165,0.0031532544378698236,0.14615384615384613,True,True,False,0.013951205633448241,26,650
exp45_user22_cut150,27,45,22,1,moving,100,"(1,)",0.26515151515151514,0.28,0.014848484848484889,0.014848484848484889,0.0002204775022956853,0.06515151515151513,True,True,False,0.42786652680003867,12,132
exp45_user22_cut150,27,45,22,1,moving,250,"(0,)",0.34615384615384615,0.356,0.009846153846153838,0.009846153846153838,9.694674556213001e-05,0.14615384615384613,True,True,False,2.2989490694564215e-05,26,650
exp45_user22_cut150,27,45,22,1,moving,250,"(1,)",0.26515151515151514,0.292,0.026848484848484844,0.026848484848484844,0.0007208411386593202,0.06515151515151513,True,True,False,0.11974869226793229,12,132
exp45_user22_cut150,27,45,22,1,moving,500,"(0,)",0.34615384615384615,0.374,0.027846153846153854,0.027846153846153854,0.0007754082840236691,0.14615384615384613,True,True,False,5.285166823954545e-10,26,650
exp45_user22_cut150,27,45,22,1,moving,500,"(1,)",0.26515151515151514,0.29,0.024848484848484842,0.024848484848484842,0.0006174471992653808,0.06515151515151513,True,True,False,0.014339749299879948,12,132
exp45_user22_cut150,27,45,22,1,moving,1000,"(0,)",0.34615384615384615,0.364,0.017846153846153845,0.017846153846153845,0.0003184852071005917,0.14615384615384613,True,True,False,2.7932988357029777e-19,26,650
exp45_user22_cut150,27,45,22,1,moving,1000,"(1,)",0.26515151515151514,0.267,0.001848484848484877,0.001848484848484877,3.416896235078159e-06,0.06515151515151513,True,True,False,0.00020562840998340746,12,132
exp48_user24_cut171,28,48,24,0,stationary,25,"(0,)",0.3076923076923077,0.32,0.012307692307692297,0.012307692307692297,0.00015147928994082815,0.1076923076923077,True,True,False,0.559964630648,13,156
exp48_user24_cut171,28,48,24,0,stationary,25,"(1,)",0.15833333333333333,0.2,0.041666666666666685,0.041666666666666685,0.0017361111111111127,0.041666666666666685,False,False,False,0.9168553557320288,25,600
exp48_user24_cut171,28,48,24,0,stationary,50,"(0,)",0.3076923076923077,0.28,-0.027692307692307683,0.027692307692307683,0.0007668639053254433,0.1076923076923077,True,True,False,0.3135603875767511,13,156
exp48_user24_cut171,28,48,24,0,stationary,50,"(1,)",0.15833333333333333,0.1,-0.05833333333333332,0.05833333333333332,0.0034027777777777763,0.041666666666666685,False,False,False,0.8406237433345052,25,600
exp48_user24_cut171,28,48,24,0,stationary,100,"(0,)",0.3076923076923077,0.27,-0.03769230769230769,0.03769230769230769,0.0014207100591715977,0.1076923076923077,True,True,False,0.09832011665728234,13,156
exp48_user24_cut171,28,48,24,0,stationary,100,"(1,)",0.15833333333333333,0.14,-0.018333333333333313,0.018333333333333313,0.0003361111111111103,0.041666666666666685,False,False,False,0.706648277857716,25,600
exp48_user24_cut171,28,48,24,0,stationary,250,"(0,)",0.3076923076923077,0.28,-0.027692307692307683,0.027692307692307683,0.0007668639053254433,0.1076923076923077,True,True,False,0.0030311397712986356,13,156
exp48_user24_cut171,28,48,24,0,stationary,250,"(1,)",0.15833333333333333,0.16,0.0016666666666666774,0.0016666666666666774,2.7777777777778135e-06,0.041666666666666685,False,False,False,0.41976696977310374,25,600
exp48_user24_cut171,28,48,24,0,stationary,500,"(0,)",0.3076923076923077,0.304,-0.003692307692307717,0.003692307692307717,1.3633136094674738e-05,0.1076923076923077,True,True,False,9.187808313148345e-06,13,156
exp48_user24_cut171,28,48,24,0,stationary,500,"(1,)",0.15833333333333333,0.144,-0.014333333333333337,0.014333333333333337,0.00020544444444444454,0.041666666666666685,False,False,False,0.1762043089124938,25,600
exp48_user24_cut171,28,48,24,0,stationary,1000,"(0,)",0.3076923076923077,0.294,-0.013692307692307726,0.013692307692307726,0.00018747928994082932,0.1076923076923077,True,True,False,8.441582159915784e-11,13,156
exp48_user24_cut171,28,48,24,0,stationary,1000,"(1,)",0.15833333333333333,0.156,-0.002333333333333326,0.002333333333333326,5.444444444444411e-06,0.041666666666666685,False,False,False,0.031047958479329542,25,600
exp33_user16_cut153,29,33,16,0,stationary,25,"(0,)",0.06926406926406926,0.12,0.05073593073593073,0.05073593073593073,0.0025741346676411607,0.13073593073593076,False,False,False,0.42545581484232775,22,462
exp33_user16_cut153,29,33,16,0,stationary,25,"(1,)",0.9375,1.0,0.0625,0.0625,0.00390625,0.7375,True,True,False,1.546058232366766e-12,16,240
exp33_user16_cut153,29,33,16,0,stationary,50,"(0,)",0.06926406926406926,0.08,0.010735930735930738,0.010735930735930738,0.00011526020876670231,0.13073593073593076,False,False,False,0.18101265038314907,22,462
exp33_user16_cut153,29,33,16,0,stationary,50,"(1,)",0.9375,0.9,-0.03749999999999998,0.03749999999999998,0.0014062499999999984,0.7375,True,True,False,2.390296057869049e-24,16,240
exp33_user16_cut153,29,33,16,0,stationary,100,"(0,)",0.06926406926406926,0.05,-0.01926406926406926,0.01926406926406926,0.00037110436461085803,0.13073593073593076,False,False,False,0.03276557959873216,22,462
exp33_user16_cut153,29,33,16,0,stationary,100,"(1,)",0.9375,0.91,-0.02749999999999997,0.02749999999999997,0.0007562499999999982,0.7375,True,True,False,5.713515244264316e-48,16,240
exp33_user16_cut153,29,33,16,0,stationary,250,"(0,)",0.06926406926406926,0.056,-0.013264069264069263,0.013264069264069263,0.0001759355334420269,0.13073593073593076,False,False,False,0.0001943321416046983,22,462
exp33_user16_cut153,29,33,16,0,stationary,250,"(1,)",0.9375,0.932,-0.005499999999999949,0.005499999999999949,3.0249999999999444e-05,0.7375,True,True,False,7.802943749599356e-119,16,240
exp33_user16_cut153,29,33,16,0,stationary,500,"(0,)",0.06926406926406926,0.062,-0.0072640692640692645,0.0072640692640692645,5.276670227319578e-05,0.13073593073593076,False,False,False,3.776498126066852e-08,22,462
exp33_user16_cut153,29,33,16,0,stationary,500,"(1,)",0.9375,0.932,-0.005499999999999949,0.005499999999999949,3.0249999999999444e-05,0.7375,True,True,False,6.088593115941166e-237,16,240
exp33_user16_cut153,29,33,16,0,stationary,1000,"(0,)",0.06926406926406926,0.069,-0.00026406926406925824,0.00026406926406925824,6.973257622607964e-08,0.13073593073593076,False,False,False,1.426193809618644e-15,22,462
exp33_user16_cut153,29,33,16,0,stationary,1000,"(1,)",0.9375,0.937,-0.0004999999999999449,0.0004999999999999449,2.4999999999994493e-07,0.7375,True,True,False,0.0,16,240
exp42_user21_cut177,30,42,21,0,stationary,25,"(0,)",0.375,0.4,0.025000000000000022,0.025000000000000022,0.0006250000000000011,0.175,True,True,False,0.21626516682988733,16,240
exp42_user21_cut177,30,42,21,0,stationary,25,"(1,)",0.22943722943722944,0.16,-0.06943722943722944,0.06943722943722944,0.004821528831918442,0.02943722943722943,True,False,True,0.9575977026163311,22,462
exp42_user21_cut177,30,42,21,0,stationary,50,"(0,)",0.375,0.38,0.0050000000000000044,0.0050000000000000044,2.5000000000000045e-05,0.175,True,True,False,0.046770622383959,16,240
exp42_user21_cut177,30,42,21,0,stationary,50,"(1,)",0.22943722943722944,0.14,-0.08943722943722943,0.08943722943722943,0.007999018009407617,0.02943722943722943,True,False,True,0.9169933600560752,22,462
exp42_user21_cut177,30,42,21,0,stationary,100,"(0,)",0.375,0.41,0.034999999999999976,0.034999999999999976,0.0012249999999999982,0.175,True,True,False,0.0021874911181828873,16,240
exp42_user21_cut177,30,42,21,0,stationary,100,"(1,)",0.22943722943722944,0.2,-0.02943722943722943,0.02943722943722943,0.0008665504769400868,0.02943722943722943,True,False,True,0.840876822386931,22,462
exp42_user21_cut177,30,42,21,0,stationary,250,"(0,)",0.375,0.368,-0.007000000000000006,0.007000000000000006,4.9000000000000087e-05,0.175,True,True,False,2.2380291861018086e-07,16,240
exp42_user21_cut177,30,42,21,0,stationary,250,"(1,)",0.22943722943722944,0.216,-0.013437229437229442,0.013437229437229442,0.00018055913494874546,0.02943722943722943,True,True,False,0.6483820075714716,22,462
exp42_user21_cut177,30,42,21,0,stationary,500,"(0,)",0.375,0.422,0.046999999999999986,0.046999999999999986,0.0022089999999999987,0.175,True,True,False,5.0087746378435244e-14,16,240
exp42_user21_cut177,30,42,21,0,stationary,500,"(1,)",0.22943722943722944,0.216,-0.013437229437229442,0.013437229437229442,0.00018055913494874546,0.02943722943722943,True,True,False,0.4203992277424118,22,462
exp42_user21_cut177,30,42,21,0,stationary,1000,"(0,)",0.375,0.385,0.010000000000000009,0.010000000000000009,0.00010000000000000018,0.175,True,True,False,2.5087823372704526e-27,16,240
exp42_user21_cut177,30,42,21,0,stationary,1000,"(1,)",0.22943722943722944,0.239,0.00956277056277055,0.00956277056277055,9.1446580836191e-05,0.02943722943722943,True,True,False,0.1767355106864162,22,462
exp39_user19_cut174,31,39,19,1,moving,25,"(0,)",0.049019607843137254,0.04,-0.009019607843137253,0.009019607843137253,8.135332564398306e-05,0.15098039215686276,False,False,False,0.3198977259140512,18,306
exp39_user19_cut174,31,39,19,1,moving,25,"(1,)",0.95,0.96,0.010000000000000009,0.010000000000000009,0.00010000000000000018,0.75,True,True,False,6.101936677605324e-13,20,380
exp39_user19_cut174,31,39,19,1,moving,50,"(0,)",0.049019607843137254,0.04,-0.009019607843137253,0.009019607843137253,8.135332564398306e-05,0.15098039215686276,False,False,False,0.10233455504498143,18,306
exp39_user19_cut174,31,39,19,1,moving,50,"(1,)",0.95,0.94,-0.010000000000000009,0.010000000000000009,0.00010000000000000018,0.75,True,True,False,3.7233631217505106e-25,20,380
exp39_user19_cut174,31,39,19,1,moving,100,"(0,)",0.049019607843137254,0.05,0.0009803921568627486,0.0009803921568627486,9.611687812379923e-07,0.15098039215686276,False,False,False,0.010472361156254334,18,306
exp39_user19_cut174,31,39,19,1,moving,100,"(1,)",0.95,0.97,0.020000000000000018,0.020000000000000018,0.0004000000000000007,0.75,True,True,False,1.3863432936411706e-49,20,380
exp39_user19_cut174,31,39,19,1,moving,250,"(0,)",0.049019607843137254,0.044,-0.005019607843137257,0.005019607843137257,2.5196462898885063e-05,0.15098039215686276,False,False,False,1.1223066283347349e-05,18,306
exp39_user19_cut174,31,39,19,1,moving,250,"(1,)",0.95,0.952,0.0020000000000000018,0.0020000000000000018,4.0000000000000074e-06,0.75,True,True,False,7.156109291711506e-123,20,380
exp39_user19_cut174,31,39,19,1,moving,500,"(0,)",0.049019607843137254,0.054,0.004980392156862745,0.004980392156862745,2.4804306036139947e-05,0.15098039215686276,False,False,False,1.2595721680040805e-10,18,306
exp39_user19_cut174,31,39,19,1,moving,500,"(1,)",0.95,0.958,0.008000000000000007,0.008000000000000007,6.400000000000012e-05,0.75,True,True,False,5.120990019491976e-245,20,380
exp39_user19_cut174,31,39,19,1,moving,1000,"(0,)",0.049019607843137254,0.054,0.004980392156862745,0.004980392156862745,2.4804306036139947e-05,0.15098039215686276,False,False,False,1.5865220464105e-20,18,306
exp39_user19_cut174,31,39,19,1,moving,1000,"(1,)",0.95,0.946,-0.0040000000000000036,0.0040000000000000036,1.600000000000003e-05,0.75,True,True,False,0.0,20,380
